docs.union.ai/,https://docs.union.ai/serverless,301,TRUE,,,
docs.union.ai/_downloads/c74194e5d55278497e27584eb0b3259d/public-key.txt,https://docs.union.ai/byoc/_downloads/c74194e5d55278497e27584eb0b3259d/public-key.txt,301,TRUE,,,
docs.union.ai/administration/,https://docs.union.ai/byoc/administration,301,TRUE,,,
docs.union.ai/administration,https://docs.union.ai/byoc/administration,301,TRUE,,,
docs.union.ai/administration/applications/,https://docs.union.ai/byoc/administration/applications,301,TRUE,,,
docs.union.ai/administration/applications,https://docs.union.ai/byoc/administration/applications,301,TRUE,,,
docs.union.ai/administration/cli-authentication/,https://docs.union.ai/byoc/administration/cli-authentication,301,TRUE,,,
docs.union.ai/administration/cli-authentication,https://docs.union.ai/byoc/administration/cli-authentication,301,TRUE,,,
docs.union.ai/administration/usage/,https://docs.union.ai/byoc/administration/usage,301,TRUE,,,
docs.union.ai/administration/usage,https://docs.union.ai/byoc/administration/usage,301,TRUE,,,
docs.union.ai/administration/user-management/,https://docs.union.ai/byoc/administration/user-management,301,TRUE,,,
docs.union.ai/administration/user-management,https://docs.union.ai/byoc/administration/user-management,301,TRUE,,,
docs.union.ai/building-workflows/,https://docs.union.ai/byoc/core-concepts,301,TRUE,,,
docs.union.ai/building-workflows,https://docs.union.ai/byoc/core-concepts,301,TRUE,,,
docs.union.ai/building-workflows/artifacts/,https://docs.union.ai/byoc/core-concepts/artifacts,301,TRUE,,,
docs.union.ai/building-workflows/artifacts,https://docs.union.ai/byoc/core-concepts/artifacts,301,TRUE,,,
docs.union.ai/building-workflows/artifacts/connecting-workflows-with-artifact-event-triggers/,https://docs.union.ai/byoc/core-concepts/artifacts/connecting-workflows-with-artifact-event-triggers,301,TRUE,,,
docs.union.ai/building-workflows/artifacts/connecting-workflows-with-artifact-event-triggers,https://docs.union.ai/byoc/core-concepts/artifacts/connecting-workflows-with-artifact-event-triggers,301,TRUE,,,
docs.union.ai/building-workflows/artifacts/consuming-artifacts-in-workflows/,https://docs.union.ai/byoc/core-concepts/artifacts/consuming-artifacts-in-workflows,301,TRUE,,,
docs.union.ai/building-workflows/artifacts/consuming-artifacts-in-workflows,https://docs.union.ai/byoc/core-concepts/artifacts/consuming-artifacts-in-workflows,301,TRUE,,,
docs.union.ai/building-workflows/artifacts/declaring-artifacts/,https://docs.union.ai/byoc/core-concepts/artifacts/declaring-artifacts,301,TRUE,,,
docs.union.ai/building-workflows/artifacts/declaring-artifacts,https://docs.union.ai/byoc/core-concepts/artifacts/declaring-artifacts,301,TRUE,,,
docs.union.ai/building-workflows/artifacts/materializing-artifacts/,https://docs.union.ai/byoc/core-concepts/artifacts/materializing-artifacts,301,TRUE,,,
docs.union.ai/building-workflows/artifacts/materializing-artifacts,https://docs.union.ai/byoc/core-concepts/artifacts/materializing-artifacts,301,TRUE,,,
docs.union.ai/building-workflows/launch-plans/,https://docs.union.ai/byoc/core-concepts/launch-plans,301,TRUE,,,
docs.union.ai/building-workflows/launch-plans,https://docs.union.ai/byoc/core-concepts/launch-plans,301,TRUE,,,
docs.union.ai/building-workflows/launch-plans/reactive-workflows/,https://docs.union.ai/byoc/core-concepts/launch-plans/reactive-workflows,301,TRUE,,,
docs.union.ai/building-workflows/launch-plans/reactive-workflows,https://docs.union.ai/byoc/core-concepts/launch-plans/reactive-workflows,301,TRUE,,,
docs.union.ai/building-workflows/launch-plans/running-launch-plans/,https://docs.union.ai/byoc/core-concepts/launch-plans/running-launch-plans,301,TRUE,,,
docs.union.ai/building-workflows/launch-plans/running-launch-plans,https://docs.union.ai/byoc/core-concepts/launch-plans/running-launch-plans,301,TRUE,,,
docs.union.ai/building-workflows/launch-plans/triggers/,https://docs.union.ai/byoc/core-concepts/launch-plans/reactive-workflows,301,TRUE,,,
docs.union.ai/building-workflows/launch-plans/triggers,https://docs.union.ai/byoc/core-concepts/launch-plans/reactive-workflows,301,TRUE,,,
docs.union.ai/building-workflows/tasks/,https://docs.union.ai/byoc/core-concepts/tasks,301,TRUE,,,
docs.union.ai/building-workflows/tasks,https://docs.union.ai/byoc/core-concepts/tasks,301,TRUE,,,
docs.union.ai/building-workflows/tasks/task-caching/,https://docs.union.ai/byoc/core-concepts/tasks/task-caching,301,TRUE,,,
docs.union.ai/building-workflows/tasks/task-caching,https://docs.union.ai/byoc/core-concepts/tasks/task-caching,301,TRUE,,,
docs.union.ai/building-workflows/tasks/task-hardware-environment/,https://docs.union.ai/byoc/core-concepts/tasks/task-hardware-environment,301,TRUE,,,
docs.union.ai/building-workflows/tasks/task-hardware-environment,https://docs.union.ai/byoc/core-concepts/tasks/task-hardware-environment,301,TRUE,,,
docs.union.ai/building-workflows/tasks/task-hardware-environment/accelerators/,https://docs.union.ai/byoc/core-concepts/tasks/task-hardware-environment/accelerators,301,TRUE,,,
docs.union.ai/building-workflows/tasks/task-hardware-environment/accelerators,https://docs.union.ai/byoc/core-concepts/tasks/task-hardware-environment/accelerators,301,TRUE,,,
docs.union.ai/building-workflows/tasks/task-hardware-environment/customizing-task-resources/,https://docs.union.ai/byoc/core-concepts/tasks/task-hardware-environment/customizing-task-resources,301,TRUE,,,
docs.union.ai/building-workflows/tasks/task-hardware-environment/customizing-task-resources,https://docs.union.ai/byoc/core-concepts/tasks/task-hardware-environment/customizing-task-resources,301,TRUE,,,
docs.union.ai/building-workflows/tasks/task-hardware-environment/interruptible-instances/,https://docs.union.ai/byoc/core-concepts/tasks/task-hardware-environment/interruptible-instances,301,TRUE,,,
docs.union.ai/building-workflows/tasks/task-hardware-environment/interruptible-instances,https://docs.union.ai/byoc/core-concepts/tasks/task-hardware-environment/interruptible-instances,301,TRUE,,,
docs.union.ai/building-workflows/tasks/task-parameters/,https://docs.union.ai/byoc/core-concepts/tasks/task-parameters,301,TRUE,,,
docs.union.ai/building-workflows/tasks/task-parameters,https://docs.union.ai/byoc/core-concepts/tasks/task-parameters,301,TRUE,,,
docs.union.ai/building-workflows/tasks/task-software-environment/,https://docs.union.ai/byoc/core-concepts/tasks/task-software-environment,301,TRUE,,,
docs.union.ai/building-workflows/tasks/task-software-environment,https://docs.union.ai/byoc/core-concepts/tasks/task-software-environment,301,TRUE,,,
docs.union.ai/building-workflows/tasks/task-software-environment/environment-variables/,https://docs.union.ai/byoc/core-concepts/tasks/task-software-environment/environment-variables,301,TRUE,,,
docs.union.ai/building-workflows/tasks/task-software-environment/environment-variables,https://docs.union.ai/byoc/core-concepts/tasks/task-software-environment/environment-variables,301,TRUE,,,
docs.union.ai/building-workflows/tasks/task-software-environment/imagespec-with-ecr/,https://docs.union.ai/byoc/core-concepts/tasks/task-software-environment/imagespec-with-ecr,301,TRUE,,,
docs.union.ai/building-workflows/tasks/task-software-environment/imagespec-with-ecr,https://docs.union.ai/byoc/core-concepts/tasks/task-software-environment/imagespec-with-ecr,301,TRUE,,,
docs.union.ai/building-workflows/tasks/task-software-environment/imagespec-with-gar/,https://docs.union.ai/byoc/core-concepts/tasks/task-software-environment/imagespec-with-gar,301,TRUE,,,
docs.union.ai/building-workflows/tasks/task-software-environment/imagespec-with-gar,https://docs.union.ai/byoc/core-concepts/tasks/task-software-environment/imagespec-with-gar,301,TRUE,,,
docs.union.ai/building-workflows/tasks/task-software-environment/imagespec/,https://docs.union.ai/byoc/core-concepts/tasks/task-software-environment/imagespec,301,TRUE,,,
docs.union.ai/building-workflows/tasks/task-software-environment/imagespec,https://docs.union.ai/byoc/core-concepts/tasks/task-software-environment/imagespec,301,TRUE,,,
docs.union.ai/building-workflows/tasks/task-software-environment/secrets/,https://docs.union.ai/byoc/core-concepts/tasks/task-software-environment/secrets,301,TRUE,,,
docs.union.ai/building-workflows/tasks/task-software-environment/secrets,https://docs.union.ai/byoc/core-concepts/tasks/task-software-environment/secrets,301,TRUE,,,
docs.union.ai/building-workflows/tasks/task-types/,https://docs.union.ai/byoc/core-concepts/tasks/task-types,301,TRUE,,,
docs.union.ai/building-workflows/tasks/task-types,https://docs.union.ai/byoc/core-concepts/tasks/task-types,301,TRUE,,,
docs.union.ai/building-workflows/workflows/,https://docs.union.ai/byoc/core-concepts/workflows,301,TRUE,,,
docs.union.ai/building-workflows/workflows,https://docs.union.ai/byoc/core-concepts/workflows,301,TRUE,,,
docs.union.ai/building-workflows/workflows/dynamic-workflows/,https://docs.union.ai/byoc/core-concepts/workflows/dynamic-workflows,301,TRUE,,,
docs.union.ai/building-workflows/workflows/dynamic-workflows,https://docs.union.ai/byoc/core-concepts/workflows/dynamic-workflows,301,TRUE,,,
docs.union.ai/building-workflows/workflows/eager-workflows/,https://docs.union.ai/byoc/core-concepts/workflows/eager-workflows,301,TRUE,,,
docs.union.ai/building-workflows/workflows/eager-workflows,https://docs.union.ai/byoc/core-concepts/workflows/eager-workflows,301,TRUE,,,
docs.union.ai/building-workflows/workflows/standard-workflows/,https://docs.union.ai/byoc/core-concepts/workflows/standard-workflows,301,TRUE,,,
docs.union.ai/building-workflows/workflows/standard-workflows,https://docs.union.ai/byoc/core-concepts/workflows/standard-workflows,301,TRUE,,,
docs.union.ai/building-workflows/workflows/subworkflows/,https://docs.union.ai/byoc/core-concepts/workflows/subworkflows,301,TRUE,,,
docs.union.ai/building-workflows/workflows/subworkflows,https://docs.union.ai/byoc/core-concepts/workflows/subworkflows,301,TRUE,,,
docs.union.ai/concepts/,https://docs.union.ai/byoc/core-concepts,301,TRUE,,,
docs.union.ai/concepts,https://docs.union.ai/byoc/core-concepts,301,TRUE,,,
docs.union.ai/core-concepts/,https://docs.union.ai/byoc/core-concepts,301,TRUE,,,
docs.union.ai/core-concepts,https://docs.union.ai/byoc/core-concepts,301,TRUE,,,
docs.union.ai/core-concepts/artifacts/,https://docs.union.ai/byoc/core-concepts/artifacts,301,TRUE,,,
docs.union.ai/core-concepts/artifacts,https://docs.union.ai/byoc/core-concepts/artifacts,301,TRUE,,,
docs.union.ai/core-concepts/artifacts/connecting-workflows-with-artifact-event-triggers/,https://docs.union.ai/byoc/core-concepts/artifacts/connecting-workflows-with-artifact-event-triggers,301,TRUE,,,
docs.union.ai/core-concepts/artifacts/connecting-workflows-with-artifact-event-triggers,https://docs.union.ai/byoc/core-concepts/artifacts/connecting-workflows-with-artifact-event-triggers,301,TRUE,,,
docs.union.ai/core-concepts/artifacts/consuming-artifacts-in-workflows/,https://docs.union.ai/byoc/core-concepts/artifacts/consuming-artifacts-in-workflows,301,TRUE,,,
docs.union.ai/core-concepts/artifacts/consuming-artifacts-in-workflows,https://docs.union.ai/byoc/core-concepts/artifacts/consuming-artifacts-in-workflows,301,TRUE,,,
docs.union.ai/core-concepts/artifacts/declaring-artifacts/,https://docs.union.ai/byoc/core-concepts/artifacts/declaring-artifacts,301,TRUE,,,
docs.union.ai/core-concepts/artifacts/declaring-artifacts,https://docs.union.ai/byoc/core-concepts/artifacts/declaring-artifacts,301,TRUE,,,
docs.union.ai/core-concepts/artifacts/materializing-artifacts/,https://docs.union.ai/byoc/core-concepts/artifacts/materializing-artifacts,301,TRUE,,,
docs.union.ai/core-concepts/artifacts/materializing-artifacts,https://docs.union.ai/byoc/core-concepts/artifacts/materializing-artifacts,301,TRUE,,,
docs.union.ai/core-concepts/artifacts/viewing-artifacts/,https://docs.union.ai/byoc/core-concepts/artifacts/viewing-artifacts,301,TRUE,,,
docs.union.ai/core-concepts/artifacts/viewing-artifacts,https://docs.union.ai/byoc/core-concepts/artifacts/viewing-artifacts,301,TRUE,,,
docs.union.ai/core-concepts/caching/,https://docs.union.ai/byoc/core-concepts/caching,301,TRUE,,,
docs.union.ai/core-concepts/caching,https://docs.union.ai/byoc/core-concepts/caching,301,TRUE,,,
docs.union.ai/core-concepts/launch-plans/,https://docs.union.ai/byoc/core-concepts/launch-plans,301,TRUE,,,
docs.union.ai/core-concepts/launch-plans,https://docs.union.ai/byoc/core-concepts/launch-plans,301,TRUE,,,
docs.union.ai/core-concepts/launch-plans/activating-and-deactivating-launch-plans/,https://docs.union.ai/byoc/core-concepts/launch-plans/activating-and-deactivating,301,TRUE,,,
docs.union.ai/core-concepts/launch-plans/activating-and-deactivating-launch-plans,https://docs.union.ai/byoc/core-concepts/launch-plans/activating-and-deactivating,301,TRUE,,,
docs.union.ai/core-concepts/launch-plans/activating-and-deactivating/,https://docs.union.ai/byoc/core-concepts/launch-plans/activating-and-deactivating,301,TRUE,,,
docs.union.ai/core-concepts/launch-plans/activating-and-deactivating,https://docs.union.ai/byoc/core-concepts/launch-plans/activating-and-deactivating,301,TRUE,,,
docs.union.ai/core-concepts/launch-plans/defining-launch-plans/,https://docs.union.ai/byoc/core-concepts/launch-plans/defining-launch-plans,301,TRUE,,,
docs.union.ai/core-concepts/launch-plans/defining-launch-plans,https://docs.union.ai/byoc/core-concepts/launch-plans/defining-launch-plans,301,TRUE,,,
docs.union.ai/core-concepts/launch-plans/inspecting-launch-plans/,https://docs.union.ai/byoc/core-concepts/viewing-launch-plans,301,TRUE,,,
docs.union.ai/core-concepts/launch-plans/inspecting-launch-plans,https://docs.union.ai/byoc/core-concepts/viewing-launch-plans,301,TRUE,,,
docs.union.ai/core-concepts/launch-plans/notifications/,https://docs.union.ai/byoc/core-concepts/launch-plans/notifications,301,TRUE,,,
docs.union.ai/core-concepts/launch-plans/notifications,https://docs.union.ai/byoc/core-concepts/launch-plans/notifications,301,TRUE,,,
docs.union.ai/core-concepts/launch-plans/reactive-workflows/,https://docs.union.ai/byoc/core-concepts/launch-plans/reactive-workflows,301,TRUE,,,
docs.union.ai/core-concepts/launch-plans/reactive-workflows,https://docs.union.ai/byoc/core-concepts/launch-plans/reactive-workflows,301,TRUE,,,
docs.union.ai/core-concepts/launch-plans/running-launch-plans/,https://docs.union.ai/byoc/core-concepts/launch-plans/running-launch-plans,301,TRUE,,,
docs.union.ai/core-concepts/launch-plans/running-launch-plans,https://docs.union.ai/byoc/core-concepts/launch-plans/running-launch-plans,301,TRUE,,,
docs.union.ai/core-concepts/launch-plans/schedules/,https://docs.union.ai/byoc/core-concepts/launch-plans/schedules,301,TRUE,,,
docs.union.ai/core-concepts/launch-plans/schedules,https://docs.union.ai/byoc/core-concepts/launch-plans/schedules,301,TRUE,,,
docs.union.ai/core-concepts/launch-plans/viewing-launch-plans/,https://docs.union.ai/byoc/core-concepts/launch-plans/viewing-launch-plans,301,TRUE,,,
docs.union.ai/core-concepts/launch-plans/viewing-launch-plans,https://docs.union.ai/byoc/core-concepts/launch-plans/viewing-launch-plans,301,TRUE,,,
docs.union.ai/core-concepts/tasks/,https://docs.union.ai/byoc/core-concepts/tasks,301,TRUE,,,
docs.union.ai/core-concepts/tasks,https://docs.union.ai/byoc/core-concepts/tasks,301,TRUE,,,
docs.union.ai/core-concepts/tasks/launching-tasks/,https://docs.union.ai/byoc/core-concepts/tasks/launching-tasks,301,TRUE,,,
docs.union.ai/core-concepts/tasks/launching-tasks,https://docs.union.ai/byoc/core-concepts/tasks/launching-tasks,301,TRUE,,,
docs.union.ai/core-concepts/tasks/task-hardware-environment/,https://docs.union.ai/byoc/core-concepts/tasks/task-hardware-environment,301,TRUE,,,
docs.union.ai/core-concepts/tasks/task-hardware-environment,https://docs.union.ai/byoc/core-concepts/tasks/task-hardware-environment,301,TRUE,,,
docs.union.ai/core-concepts/tasks/task-hardware-environment/accelerators/,https://docs.union.ai/byoc/core-concepts/tasks/task-hardware-environment/accelerators,301,TRUE,,,
docs.union.ai/core-concepts/tasks/task-hardware-environment/accelerators,https://docs.union.ai/byoc/core-concepts/tasks/task-hardware-environment/accelerators,301,TRUE,,,
docs.union.ai/core-concepts/tasks/task-hardware-environment/customizing-task-resources/,https://docs.union.ai/byoc/core-concepts/tasks/task-hardware-environment/customizing-task-resources,301,TRUE,,,
docs.union.ai/core-concepts/tasks/task-hardware-environment/customizing-task-resources,https://docs.union.ai/byoc/core-concepts/tasks/task-hardware-environment/customizing-task-resources,301,TRUE,,,
docs.union.ai/core-concepts/tasks/task-hardware-environment/interruptible-instances/,https://docs.union.ai/byoc/core-concepts/tasks/task-hardware-environment/interruptible-instances,301,TRUE,,,
docs.union.ai/core-concepts/tasks/task-hardware-environment/interruptible-instances,https://docs.union.ai/byoc/core-concepts/tasks/task-hardware-environment/interruptible-instances,301,TRUE,,,
docs.union.ai/core-concepts/tasks/task-hardware-environment/task-level-monitoring/,https://docs.union.ai/byoc/core-concepts/tasks/task-hardware-environment/task-level-monitoring,301,TRUE,,,
docs.union.ai/core-concepts/tasks/task-hardware-environment/task-level-monitoring,https://docs.union.ai/byoc/core-concepts/tasks/task-hardware-environment/task-level-monitoring,301,TRUE,,,
docs.union.ai/core-concepts/tasks/task-parameters/,https://docs.union.ai/byoc/core-concepts/tasks/task-parameters,301,TRUE,,,
docs.union.ai/core-concepts/tasks/task-parameters,https://docs.union.ai/byoc/core-concepts/tasks/task-parameters,301,TRUE,,,
docs.union.ai/core-concepts/tasks/task-software-environment/,https://docs.union.ai/byoc/core-concepts/tasks/task-software-environment,301,TRUE,,,
docs.union.ai/core-concepts/tasks/task-software-environment,https://docs.union.ai/byoc/core-concepts/tasks/task-software-environment,301,TRUE,,,
docs.union.ai/core-concepts/tasks/task-software-environment/environment-variables/,https://docs.union.ai/byoc/core-concepts/tasks/task-software-environment/environment-variables,301,TRUE,,,
docs.union.ai/core-concepts/tasks/task-software-environment/environment-variables,https://docs.union.ai/byoc/core-concepts/tasks/task-software-environment/environment-variables,301,TRUE,,,
docs.union.ai/core-concepts/tasks/task-software-environment/imagespec-with-ecr/,https://docs.union.ai/byoc/core-concepts/tasks/task-software-environment/imagespec-with-ecr,301,TRUE,,,
docs.union.ai/core-concepts/tasks/task-software-environment/imagespec-with-ecr,https://docs.union.ai/byoc/core-concepts/tasks/task-software-environment/imagespec-with-ecr,301,TRUE,,,
docs.union.ai/core-concepts/tasks/task-software-environment/imagespec-with-gar/,https://docs.union.ai/byoc/core-concepts/tasks/task-software-environment/imagespec-with-gar,301,TRUE,,,
docs.union.ai/core-concepts/tasks/task-software-environment/imagespec-with-gar,https://docs.union.ai/byoc/core-concepts/tasks/task-software-environment/imagespec-with-gar,301,TRUE,,,
docs.union.ai/core-concepts/tasks/task-software-environment/imagespec/,https://docs.union.ai/byoc/core-concepts/tasks/task-software-environment/imagespec,301,TRUE,,,
docs.union.ai/core-concepts/tasks/task-software-environment/imagespec,https://docs.union.ai/byoc/core-concepts/tasks/task-software-environment/imagespec,301,TRUE,,,
docs.union.ai/core-concepts/tasks/task-software-environment/secrets/,https://docs.union.ai/byoc/core-concepts/tasks/task-software-environment/secrets,301,TRUE,,,
docs.union.ai/core-concepts/tasks/task-software-environment/secrets,https://docs.union.ai/byoc/core-concepts/tasks/task-software-environment/secrets,301,TRUE,,,
docs.union.ai/core-concepts/tasks/task-types/,https://docs.union.ai/byoc/core-concepts/tasks/task-types,301,TRUE,,,
docs.union.ai/core-concepts/tasks/task-types,https://docs.union.ai/byoc/core-concepts/tasks/task-types,301,TRUE,,,
docs.union.ai/core-concepts/tasks/viewing-cloudwatch-logs-for-a-task/,https://docs.union.ai/byoc/core-concepts/tasks/viewing-logs,301,TRUE,,,
docs.union.ai/core-concepts/tasks/viewing-cloudwatch-logs-for-a-task,https://docs.union.ai/byoc/core-concepts/tasks/viewing-logs,301,TRUE,,,
docs.union.ai/core-concepts/tasks/viewing-logs/,https://docs.union.ai/byoc/core-concepts/tasks/viewing-logs,301,TRUE,,,
docs.union.ai/core-concepts/tasks/viewing-logs,https://docs.union.ai/byoc/core-concepts/tasks/viewing-logs,301,TRUE,,,
docs.union.ai/core-concepts/tasks/viewing-tasks/,https://docs.union.ai/byoc/core-concepts/tasks/viewing-tasks,301,TRUE,,,
docs.union.ai/core-concepts/tasks/viewing-tasks,https://docs.union.ai/byoc/core-concepts/tasks/viewing-tasks,301,TRUE,,,
docs.union.ai/core-concepts/workflows/,https://docs.union.ai/byoc/core-concepts/workflows,301,TRUE,,,
docs.union.ai/core-concepts/workflows,https://docs.union.ai/byoc/core-concepts/workflows,301,TRUE,,,
docs.union.ai/core-concepts/workflows/dynamic-workflows/,https://docs.union.ai/byoc/core-concepts/workflows/dynamic-workflows,301,TRUE,,,
docs.union.ai/core-concepts/workflows/dynamic-workflows,https://docs.union.ai/byoc/core-concepts/workflows/dynamic-workflows,301,TRUE,,,
docs.union.ai/core-concepts/workflows/eager-workflows/,https://docs.union.ai/byoc/core-concepts/workflows/eager-workflows,301,TRUE,,,
docs.union.ai/core-concepts/workflows/eager-workflows,https://docs.union.ai/byoc/core-concepts/workflows/eager-workflows,301,TRUE,,,
docs.union.ai/core-concepts/workflows/launching-workflows/,https://docs.union.ai/byoc/core-concepts/workflows/launching-workflows,301,TRUE,,,
docs.union.ai/core-concepts/workflows/launching-workflows,https://docs.union.ai/byoc/core-concepts/workflows/launching-workflows,301,TRUE,,,
docs.union.ai/core-concepts/workflows/standard-workflows/,https://docs.union.ai/byoc/core-concepts/workflows/standard-workflows,301,TRUE,,,
docs.union.ai/core-concepts/workflows/standard-workflows,https://docs.union.ai/byoc/core-concepts/workflows/standard-workflows,301,TRUE,,,
docs.union.ai/core-concepts/workflows/subworkflows-and-sub-launch-plans/,https://docs.union.ai/byoc/core-concepts/workflows/subworkflows-and-sub-launch-plans,301,TRUE,,,
docs.union.ai/core-concepts/workflows/subworkflows-and-sub-launch-plans,https://docs.union.ai/byoc/core-concepts/workflows/subworkflows-and-sub-launch-plans,301,TRUE,,,
docs.union.ai/core-concepts/workflows/subworkflows/,https://docs.union.ai/byoc/core-concepts/workflows/subworkflows-and-sub-launch-plans,301,TRUE,,,
docs.union.ai/core-concepts/workflows/subworkflows,https://docs.union.ai/byoc/core-concepts/workflows/subworkflows-and-sub-launch-plans,301,TRUE,,,
docs.union.ai/core-concepts/workflows/viewing-workflow-executions/,https://docs.union.ai/byoc/core-concepts/workflows/viewing-workflow-executions,301,TRUE,,,
docs.union.ai/core-concepts/workflows/viewing-workflow-executions,https://docs.union.ai/byoc/core-concepts/workflows/viewing-workflow-executions,301,TRUE,,,
docs.union.ai/core-concepts/workflows/viewing-workflows/,https://docs.union.ai/byoc/core-concepts/workflows/viewing-workflows,301,TRUE,,,
docs.union.ai/core-concepts/workflows/viewing-workflows,https://docs.union.ai/byoc/core-concepts/workflows/viewing-workflows,301,TRUE,,,
docs.union.ai/data-input-output/,https://docs.union.ai/byoc/data-input-output,301,TRUE,,,
docs.union.ai/data-input-output,https://docs.union.ai/byoc/data-input-output,301,TRUE,,,
docs.union.ai/data-input-output/accelerated-datasets/,https://docs.union.ai/byoc/data-input-output/accelerated-datasets,301,TRUE,,,
docs.union.ai/data-input-output/accelerated-datasets,https://docs.union.ai/byoc/data-input-output/accelerated-datasets,301,TRUE,,,
docs.union.ai/data-input-output/flytefile/,https://docs.union.ai/byoc/data-input-output/flytefile,301,TRUE,,,
docs.union.ai/data-input-output/flytefile,https://docs.union.ai/byoc/data-input-output/flytefile,301,TRUE,,,
docs.union.ai/data-plane-setup/,https://docs.union.ai/byoc/data-plane-setup,301,TRUE,,,
docs.union.ai/data-plane-setup,https://docs.union.ai/byoc/data-plane-setup,301,TRUE,,,
docs.union.ai/data-plane-setup/configuring-your-data-plane/,https://docs.union.ai/byoc/data-plane-setup/configuring-your-data-plane,301,TRUE,,,
docs.union.ai/data-plane-setup/configuring-your-data-plane,https://docs.union.ai/byoc/data-plane-setup/configuring-your-data-plane,301,TRUE,,,
docs.union.ai/data-plane-setup/data-plane-setup-on-aws/,https://docs.union.ai/byoc/data-plane-setup/data-plane-setup-on-aws,301,TRUE,,,
docs.union.ai/data-plane-setup/data-plane-setup-on-aws,https://docs.union.ai/byoc/data-plane-setup/data-plane-setup-on-aws,301,TRUE,,,
docs.union.ai/data-plane-setup/data-plane-setup-on-gcp/,https://docs.union.ai/byoc/data-plane-setup/data-plane-setup-on-gcp,301,TRUE,,,
docs.union.ai/data-plane-setup/data-plane-setup-on-gcp,https://docs.union.ai/byoc/data-plane-setup/data-plane-setup-on-gcp,301,TRUE,,,
docs.union.ai/data-plane-setup/multi-cluster/,https://docs.union.ai/byoc/data-plane-setup/multi-cluster,301,TRUE,,,
docs.union.ai/data-plane-setup/multi-cluster,https://docs.union.ai/byoc/data-plane-setup/multi-cluster,301,TRUE,,,
docs.union.ai/data-plane-setup/single-sign-on-setup/,https://docs.union.ai/byoc/data-plane-setup/single-sign-on-setup,301,TRUE,,,
docs.union.ai/data-plane-setup/single-sign-on-setup,https://docs.union.ai/byoc/data-plane-setup/single-sign-on-setup,301,TRUE,,,
docs.union.ai/data-plane-setup/single-sign-on-setup/microsoft-entra-id/,https://docs.union.ai/byoc/data-plane-setup/single-sign-on-setup/microsoft-entra-id,301,TRUE,,,
docs.union.ai/data-plane-setup/single-sign-on-setup/microsoft-entra-id,https://docs.union.ai/byoc/data-plane-setup/single-sign-on-setup/microsoft-entra-id,301,TRUE,,,
docs.union.ai/data-plane-setup/single-sign-on-setup/other-identity-providers/,https://docs.union.ai/byoc/data-plane-setup/single-sign-on-setup/other-identity-providers,301,TRUE,,,
docs.union.ai/data-plane-setup/single-sign-on-setup/other-identity-providers,https://docs.union.ai/byoc/data-plane-setup/single-sign-on-setup/other-identity-providers,301,TRUE,,,
docs.union.ai/developing-workflows/,https://docs.union.ai/byoc/core-concepts,301,TRUE,,,
docs.union.ai/developing-workflows,https://docs.union.ai/byoc/core-concepts,301,TRUE,,,
docs.union.ai/developing-workflows/accelerated-datasets/,https://docs.union.ai/byoc/data-input-output/accelerated-datasets,301,TRUE,,,
docs.union.ai/developing-workflows/accelerated-datasets,https://docs.union.ai/byoc/data-input-output/accelerated-datasets,301,TRUE,,,
docs.union.ai/developing-workflows/artifacts/,https://docs.union.ai/byoc/core-concepts/artifacts,301,TRUE,,,
docs.union.ai/developing-workflows/artifacts,https://docs.union.ai/byoc/core-concepts/artifacts,301,TRUE,,,
docs.union.ai/developing-workflows/artifacts/connecting-workflows-with-artifact-event-triggers/,https://docs.union.ai/byoc/core-concepts/artifacts/connecting-workflows-with-artifact-event-triggers,301,TRUE,,,
docs.union.ai/developing-workflows/artifacts/connecting-workflows-with-artifact-event-triggers,https://docs.union.ai/byoc/core-concepts/artifacts/connecting-workflows-with-artifact-event-triggers,301,TRUE,,,
docs.union.ai/developing-workflows/artifacts/connecting-workflows-with-triggers-via-artifact-events/,https://docs.union.ai/byoc/core-concepts/artifacts/connecting-workflows-with-artifact-event-triggers,301,TRUE,,,
docs.union.ai/developing-workflows/artifacts/connecting-workflows-with-triggers-via-artifact-events,https://docs.union.ai/byoc/core-concepts/artifacts/connecting-workflows-with-artifact-event-triggers,301,TRUE,,,
docs.union.ai/developing-workflows/artifacts/consuming-artifacts-in-workflows/,https://docs.union.ai/byoc/core-concepts/artifacts/consuming-artifacts-in-workflows,301,TRUE,,,
docs.union.ai/developing-workflows/artifacts/consuming-artifacts-in-workflows,https://docs.union.ai/byoc/core-concepts/artifacts/consuming-artifacts-in-workflows,301,TRUE,,,
docs.union.ai/developing-workflows/artifacts/declaring-artifacts/,https://docs.union.ai/byoc/core-concepts/artifacts/declaring-artifacts,301,TRUE,,,
docs.union.ai/developing-workflows/artifacts/declaring-artifacts,https://docs.union.ai/byoc/core-concepts/artifacts/declaring-artifacts,301,TRUE,,,
docs.union.ai/developing-workflows/artifacts/materializing-artifacts/,https://docs.union.ai/byoc/core-concepts/artifacts/materializing-artifacts,301,TRUE,,,
docs.union.ai/developing-workflows/artifacts/materializing-artifacts,https://docs.union.ai/byoc/core-concepts/artifacts/materializing-artifacts,301,TRUE,,,
docs.union.ai/developing-workflows/caching/,https://docs.union.ai/byoc/core-concepts/tasks/task-caching,301,TRUE,,,
docs.union.ai/developing-workflows/caching,https://docs.union.ai/byoc/core-concepts/tasks/task-caching,301,TRUE,,,
docs.union.ai/developing-workflows/customizing-task-resources/,https://docs.union.ai/byoc/core-concepts/tasks/task-hardware-environment/customizing-task-resources,301,TRUE,,,
docs.union.ai/developing-workflows/customizing-task-resources,https://docs.union.ai/byoc/core-concepts/tasks/task-hardware-environment/customizing-task-resources,301,TRUE,,,
docs.union.ai/developing-workflows/flytefile/,https://docs.union.ai/byoc/data-input-output/flytefile,301,TRUE,,,
docs.union.ai/developing-workflows/flytefile,https://docs.union.ai/byoc/data-input-output/flytefile,301,TRUE,,,
docs.union.ai/developing-workflows/heterogeneous-tasks/,https://docs.union.ai/byoc/core-concepts/tasks,301,TRUE,,,
docs.union.ai/developing-workflows/heterogeneous-tasks,https://docs.union.ai/byoc/core-concepts/tasks,301,TRUE,,,
docs.union.ai/developing-workflows/imagespec/,https://docs.union.ai/byoc/core-concepts/tasks/task-software-environment/imagespec,301,TRUE,,,
docs.union.ai/developing-workflows/imagespec,https://docs.union.ai/byoc/core-concepts/tasks/task-software-environment/imagespec,301,TRUE,,,
docs.union.ai/developing-workflows/imagespec/imagespec-with-ecr/,https://docs.union.ai/byoc/core-concepts/tasks/task-software-environment/imagespec-with-ecr,301,TRUE,,,
docs.union.ai/developing-workflows/imagespec/imagespec-with-ecr,https://docs.union.ai/byoc/core-concepts/tasks/task-software-environment/imagespec-with-ecr,301,TRUE,,,
docs.union.ai/developing-workflows/imagespec/imagespec-with-gar/,https://docs.union.ai/byoc/core-concepts/tasks/task-software-environment/imagespec-with-gar,301,TRUE,,,
docs.union.ai/developing-workflows/imagespec/imagespec-with-gar,https://docs.union.ai/byoc/core-concepts/tasks/task-software-environment/imagespec-with-gar,301,TRUE,,,
docs.union.ai/developing-workflows/interactive-tasks/,https://docs.union.ai/byoc/development-cycle/interactive-tasks,301,TRUE,,,
docs.union.ai/developing-workflows/interactive-tasks,https://docs.union.ai/byoc/development-cycle/interactive-tasks,301,TRUE,,,
docs.union.ai/developing-workflows/interruptible-instances/,https://docs.union.ai/byoc/core-concepts/tasks/task-hardware-environment/interruptible-instances,301,TRUE,,,
docs.union.ai/developing-workflows/interruptible-instances,https://docs.union.ai/byoc/core-concepts/tasks/task-hardware-environment/interruptible-instances,301,TRUE,,,
docs.union.ai/developing-workflows/registering-workflows/,https://docs.union.ai/byoc/development-cycle/registering-workflows,301,TRUE,,,
docs.union.ai/developing-workflows/registering-workflows,https://docs.union.ai/byoc/development-cycle/registering-workflows,301,TRUE,,,
docs.union.ai/developing-workflows/setting-up-ci-cd-deployment/,https://docs.union.ai/byoc/development-cycle/setting-up-ci-cd-deployment,301,TRUE,,,
docs.union.ai/developing-workflows/setting-up-ci-cd-deployment,https://docs.union.ai/byoc/development-cycle/setting-up-ci-cd-deployment,301,TRUE,,,
docs.union.ai/developing-workflows/spot-instances/,https://docs.union.ai/byoc/core-concepts/tasks/task-hardware-environment/interruptible-instances,301,TRUE,,,
docs.union.ai/developing-workflows/spot-instances,https://docs.union.ai/byoc/core-concepts/tasks/task-hardware-environment/interruptible-instances,301,TRUE,,,
docs.union.ai/developing-workflows/task-execution-context/,https://docs.union.ai/byoc/core-concepts/tasks/task-software-environment/imagespec,301,TRUE,,,
docs.union.ai/developing-workflows/task-execution-context,https://docs.union.ai/byoc/core-concepts/tasks/task-software-environment/imagespec,301,TRUE,,,
docs.union.ai/developing-workflows/triggers/,https://docs.union.ai/byoc/core-concepts/launch-plans/reactive-workflows,301,TRUE,,,
docs.union.ai/developing-workflows/triggers,https://docs.union.ai/byoc/core-concepts/launch-plans/reactive-workflows,301,TRUE,,,
docs.union.ai/developing-workflows/unionremote/,https://docs.union.ai/byoc/development-cycle/unionremote,301,TRUE,,,
docs.union.ai/developing-workflows/unionremote,https://docs.union.ai/byoc/development-cycle/unionremote,301,TRUE,,,
docs.union.ai/development-cycle/,https://docs.union.ai/byoc/development-cycle,301,TRUE,,,
docs.union.ai/development-cycle,https://docs.union.ai/byoc/development-cycle,301,TRUE,,,
docs.union.ai/development-cycle/interactive-tasks/,https://docs.union.ai/byoc/development-cycle/interactive-tasks,301,TRUE,,,
docs.union.ai/development-cycle/interactive-tasks,https://docs.union.ai/byoc/development-cycle/interactive-tasks,301,TRUE,,,
docs.union.ai/development-cycle/registering-workflows/,https://docs.union.ai/byoc/development-cycle/registering-workflows,301,TRUE,,,
docs.union.ai/development-cycle/registering-workflows,https://docs.union.ai/byoc/development-cycle/registering-workflows,301,TRUE,,,
docs.union.ai/development-cycle/setting-up-ci-cd-deployment/,https://docs.union.ai/byoc/development-cycle/setting-up-ci-cd-deployment,301,TRUE,,,
docs.union.ai/development-cycle/setting-up-ci-cd-deployment,https://docs.union.ai/byoc/development-cycle/setting-up-ci-cd-deployment,301,TRUE,,,
docs.union.ai/development-cycle/task-resource-validation/,https://docs.union.ai/byoc/development-cycle/task-resource-validation,301,TRUE,,,
docs.union.ai/development-cycle/task-resource-validation,https://docs.union.ai/byoc/development-cycle/task-resource-validation,301,TRUE,,,
docs.union.ai/development-cycle/unionremote/,https://docs.union.ai/byoc/development-cycle/unionremote,301,TRUE,,,
docs.union.ai/development-cycle/unionremote,https://docs.union.ai/byoc/development-cycle/unionremote,301,TRUE,,,
docs.union.ai/faq/,https://docs.union.ai/byoc/faq,301,TRUE,,,
docs.union.ai/faq,https://docs.union.ai/byoc/faq,301,TRUE,,,
docs.union.ai/flyte-fundamentals/,https://docs.union.ai/byoc/core-concepts,301,TRUE,,,
docs.union.ai/flyte-fundamentals,https://docs.union.ai/byoc/core-concepts,301,TRUE,,,
docs.union.ai/flyte-fundamentals/caching/,https://docs.union.ai/byoc/core-concepts/tasks/task-caching,301,TRUE,,,
docs.union.ai/flyte-fundamentals/caching,https://docs.union.ai/byoc/core-concepts/tasks/task-caching,301,TRUE,,,
docs.union.ai/flyte-fundamentals/customizing-task-resources/,https://docs.union.ai/byoc/core-concepts/tasks/task-hardware-environment/customizing-task-resources,301,TRUE,,,
docs.union.ai/flyte-fundamentals/customizing-task-resources,https://docs.union.ai/byoc/core-concepts/tasks/task-hardware-environment/customizing-task-resources,301,TRUE,,,
docs.union.ai/flyte-fundamentals/flytefile/,https://docs.union.ai/byoc/data-input-output/flytefile,301,TRUE,,,
docs.union.ai/flyte-fundamentals/flytefile,https://docs.union.ai/byoc/data-input-output/flytefile,301,TRUE,,,
docs.union.ai/flyte-fundamentals/task-execution-context/,https://docs.union.ai/byoc/core-concepts/tasks/task-software-environment/imagespec,301,TRUE,,,
docs.union.ai/flyte-fundamentals/task-execution-context,https://docs.union.ai/byoc/core-concepts/tasks/task-software-environment/imagespec,301,TRUE,,,
docs.union.ai/getting-started/,https://docs.union.ai/byoc/getting-started,301,TRUE,,,
docs.union.ai/getting-started,https://docs.union.ai/byoc/getting-started,301,TRUE,,,
docs.union.ai/getting-started/creating-the-project/,https://docs.union.ai/byoc/getting-started/creating-the-project,301,TRUE,,,
docs.union.ai/getting-started/creating-the-project,https://docs.union.ai/byoc/getting-started/creating-the-project,301,TRUE,,,
docs.union.ai/getting-started/deploying-the-project-on-union-cloud/,https://docs.union.ai/byoc/getting-started/deploying-the-project-on-union,301,TRUE,,,
docs.union.ai/getting-started/deploying-the-project-on-union-cloud,https://docs.union.ai/byoc/getting-started/deploying-the-project-on-union,301,TRUE,,,
docs.union.ai/getting-started/deploying-the-project-on-union/,https://docs.union.ai/byoc/getting-started/deploying-the-project-on-union,301,TRUE,,,
docs.union.ai/getting-started/deploying-the-project-on-union,https://docs.union.ai/byoc/getting-started/deploying-the-project-on-union,301,TRUE,,,
docs.union.ai/getting-started/installing-development-tools/,https://docs.union.ai/byoc/getting-started/installing-development-tools,301,TRUE,,,
docs.union.ai/getting-started/installing-development-tools,https://docs.union.ai/byoc/getting-started/installing-development-tools,301,TRUE,,,
docs.union.ai/getting-started/looking-at-the-dependencies/,https://docs.union.ai/byoc/getting-started/looking-at-the-dependencies,301,TRUE,,,
docs.union.ai/getting-started/looking-at-the-dependencies,https://docs.union.ai/byoc/getting-started/looking-at-the-dependencies,301,TRUE,,,
docs.union.ai/getting-started/looking-at-the-workflow-code/,https://docs.union.ai/byoc/getting-started/looking-at-the-workflow-code,301,TRUE,,,
docs.union.ai/getting-started/looking-at-the-workflow-code,https://docs.union.ai/byoc/getting-started/looking-at-the-workflow-code,301,TRUE,,,
docs.union.ai/getting-started/more-resources/,https://docs.union.ai/byoc/getting-started/more-resources,301,TRUE,,,
docs.union.ai/getting-started/more-resources,https://docs.union.ai/byoc/getting-started/more-resources,301,TRUE,,,
docs.union.ai/getting-started/registering-workflows/,https://docs.union.ai/byoc/development-cycle/registering-workflows,301,TRUE,,,
docs.union.ai/getting-started/registering-workflows,https://docs.union.ai/byoc/development-cycle/registering-workflows,301,TRUE,,,
docs.union.ai/getting-started/running-in-a-local-cluster/,https://docs.union.ai/byoc/getting-started/running-in-a-local-cluster,301,TRUE,,,
docs.union.ai/getting-started/running-in-a-local-cluster,https://docs.union.ai/byoc/getting-started/running-in-a-local-cluster,301,TRUE,,,
docs.union.ai/getting-started/running-in-a-local-python-environment/,https://docs.union.ai/byoc/getting-started/running-in-a-local-python-environment,301,TRUE,,,
docs.union.ai/getting-started/running-in-a-local-python-environment,https://docs.union.ai/byoc/getting-started/running-in-a-local-python-environment,301,TRUE,,,
docs.union.ai/getting-started/setting-up-ci-cd-deployment/,https://docs.union.ai/byoc/development-cycle/setting-up-ci-cd-deployment,301,TRUE,,,
docs.union.ai/getting-started/setting-up-ci-cd-deployment,https://docs.union.ai/byoc/development-cycle/setting-up-ci-cd-deployment,301,TRUE,,,
docs.union.ai/getting-started/setting-up-the-project-on-union-cloud/,https://docs.union.ai/byoc/getting-started/setting-up-the-project-on-union,301,TRUE,,,
docs.union.ai/getting-started/setting-up-the-project-on-union-cloud,https://docs.union.ai/byoc/getting-started/setting-up-the-project-on-union,301,TRUE,,,
docs.union.ai/getting-started/setting-up-the-project-on-union/,https://docs.union.ai/byoc/getting-started/setting-up-the-project-on-union,301,TRUE,,,
docs.union.ai/getting-started/setting-up-the-project-on-union,https://docs.union.ai/byoc/getting-started/setting-up-the-project-on-union,301,TRUE,,,
docs.union.ai/integrations/,https://docs.union.ai/byoc/integrations,301,TRUE,,,
docs.union.ai/integrations,https://docs.union.ai/byoc/integrations,301,TRUE,,,
docs.union.ai/integrations/additional-integrations/,https://docs.union.ai/byoc/integrations/agents,301,TRUE,,,
docs.union.ai/integrations/additional-integrations,https://docs.union.ai/byoc/integrations/agents,301,TRUE,,,
docs.union.ai/integrations/additional-integrations/airflow-agent/,https://docs.union.ai/byoc/integrations/agents/airflow-agent,301,TRUE,,,
docs.union.ai/integrations/additional-integrations/airflow-agent,https://docs.union.ai/byoc/integrations/agents/airflow-agent,301,TRUE,,,
docs.union.ai/integrations/additional-integrations/airflow-agent/airflow-agent-example/,https://docs.union.ai/byoc/integrations/agents/airflow-agent/airflow-agent-example,301,TRUE,,,
docs.union.ai/integrations/additional-integrations/airflow-agent/airflow-agent-example,https://docs.union.ai/byoc/integrations/agents/airflow-agent/airflow-agent-example,301,TRUE,,,
docs.union.ai/integrations/additional-integrations/bigquery-agent/,https://docs.union.ai/byoc/integrations/agents/bigquery-agent,301,TRUE,,,
docs.union.ai/integrations/additional-integrations/bigquery-agent,https://docs.union.ai/byoc/integrations/agents/bigquery-agent,301,TRUE,,,
docs.union.ai/integrations/additional-integrations/bigquery-agent/bigquery-agent-example/,https://docs.union.ai/byoc/integrations/agents/bigquery-agent/bigquery-agent-example,301,TRUE,,,
docs.union.ai/integrations/additional-integrations/bigquery-agent/bigquery-agent-example,https://docs.union.ai/byoc/integrations/agents/bigquery-agent/bigquery-agent-example,301,TRUE,,,
docs.union.ai/integrations/additional-integrations/chatgpt-agent/,https://docs.union.ai/byoc/integrations/agents/chatgpt-agent,301,TRUE,,,
docs.union.ai/integrations/additional-integrations/chatgpt-agent,https://docs.union.ai/byoc/integrations/agents/chatgpt-agent,301,TRUE,,,
docs.union.ai/integrations/additional-integrations/chatgpt-agent/chatgpt-agent-example/,https://docs.union.ai/byoc/integrations/agents/chatgpt-agent/chatgpt-agent-example,301,TRUE,,,
docs.union.ai/integrations/additional-integrations/chatgpt-agent/chatgpt-agent-example,https://docs.union.ai/byoc/integrations/agents/chatgpt-agent/chatgpt-agent-example,301,TRUE,,,
docs.union.ai/integrations/additional-integrations/databricks-agent/,https://docs.union.ai/byoc/integrations/agents/databricks-agent,301,TRUE,,,
docs.union.ai/integrations/additional-integrations/databricks-agent,https://docs.union.ai/byoc/integrations/agents/databricks-agent,301,TRUE,,,
docs.union.ai/integrations/additional-integrations/databricks-agent/databricks-agent-example/,https://docs.union.ai/byoc/integrations/agents/databricks-agent/databricks-agent-example,301,TRUE,,,
docs.union.ai/integrations/additional-integrations/databricks-agent/databricks-agent-example,https://docs.union.ai/byoc/integrations/agents/databricks-agent/databricks-agent-example,301,TRUE,,,
docs.union.ai/integrations/additional-integrations/file-sensor-agent/,https://docs.union.ai/byoc/integrations/agents/file-sensor-agent,301,TRUE,,,
docs.union.ai/integrations/additional-integrations/file-sensor-agent,https://docs.union.ai/byoc/integrations/agents/file-sensor-agent,301,TRUE,,,
docs.union.ai/integrations/additional-integrations/file-sensor-agent/file-sensor-agent-example/,https://docs.union.ai/byoc/integrations/agents/file-sensor-agent/file-sensor-agent-example,301,TRUE,,,
docs.union.ai/integrations/additional-integrations/file-sensor-agent/file-sensor-agent-example,https://docs.union.ai/byoc/integrations/agents/file-sensor-agent/file-sensor-agent-example,301,TRUE,,,
docs.union.ai/integrations/additional-integrations/mmcloud-agent/,https://docs.union.ai/byoc/integrations/agents/mmcloud-agent,301,TRUE,,,
docs.union.ai/integrations/additional-integrations/mmcloud-agent,https://docs.union.ai/byoc/integrations/agents/mmcloud-agent,301,TRUE,,,
docs.union.ai/integrations/additional-integrations/mmcloud-agent/mmcloud-agent-example/,https://docs.union.ai/byoc/integrations/agents/mmcloud-agent/mmcloud-agent-example,301,TRUE,,,
docs.union.ai/integrations/additional-integrations/mmcloud-agent/mmcloud-agent-example,https://docs.union.ai/byoc/integrations/agents/mmcloud-agent/mmcloud-agent-example,301,TRUE,,,
docs.union.ai/integrations/additional-integrations/snowflake-agent/,https://docs.union.ai/byoc/integrations/agents/snowflake-agent,301,TRUE,,,
docs.union.ai/integrations/additional-integrations/snowflake-agent,https://docs.union.ai/byoc/integrations/agents/snowflake-agent,301,TRUE,,,
docs.union.ai/integrations/additional-integrations/snowflake-agent/snowflake-agent-example/,https://docs.union.ai/byoc/integrations/agents/snowflake-agent/snowflake-agent-example,301,TRUE,,,
docs.union.ai/integrations/additional-integrations/snowflake-agent/snowflake-agent-example,https://docs.union.ai/byoc/integrations/agents/snowflake-agent/snowflake-agent-example,301,TRUE,,,
docs.union.ai/integrations/agents/,https://docs.union.ai/byoc/integrations/agents,301,TRUE,,,
docs.union.ai/integrations/agents,https://docs.union.ai/byoc/integrations/agents,301,TRUE,,,
docs.union.ai/integrations/agents/airflow-agent/,https://docs.union.ai/byoc/integrations/agents/airflow-agent,301,TRUE,,,
docs.union.ai/integrations/agents/airflow-agent,https://docs.union.ai/byoc/integrations/agents/airflow-agent,301,TRUE,,,
docs.union.ai/integrations/agents/airflow-agent/airflow-agent-example/,https://docs.union.ai/byoc/integrations/agents/airflow-agent/airflow-agent-example,301,TRUE,,,
docs.union.ai/integrations/agents/airflow-agent/airflow-agent-example,https://docs.union.ai/byoc/integrations/agents/airflow-agent/airflow-agent-example,301,TRUE,,,
docs.union.ai/integrations/agents/bigquery-agent/,https://docs.union.ai/byoc/integrations/agents/bigquery-agent,301,TRUE,,,
docs.union.ai/integrations/agents/bigquery-agent,https://docs.union.ai/byoc/integrations/agents/bigquery-agent,301,TRUE,,,
docs.union.ai/integrations/agents/bigquery-agent/bigquery-agent-example/,https://docs.union.ai/byoc/integrations/agents/bigquery-agent/bigquery-agent-example,301,TRUE,,,
docs.union.ai/integrations/agents/bigquery-agent/bigquery-agent-example,https://docs.union.ai/byoc/integrations/agents/bigquery-agent/bigquery-agent-example,301,TRUE,,,
docs.union.ai/integrations/agents/chatgpt-agent/,https://docs.union.ai/byoc/integrations/agents/chatgpt-agent,301,TRUE,,,
docs.union.ai/integrations/agents/chatgpt-agent,https://docs.union.ai/byoc/integrations/agents/chatgpt-agent,301,TRUE,,,
docs.union.ai/integrations/agents/chatgpt-agent/chatgpt-agent-example/,https://docs.union.ai/byoc/integrations/agents/chatgpt-agent/chatgpt-agent-example,301,TRUE,,,
docs.union.ai/integrations/agents/chatgpt-agent/chatgpt-agent-example,https://docs.union.ai/byoc/integrations/agents/chatgpt-agent/chatgpt-agent-example,301,TRUE,,,
docs.union.ai/integrations/agents/databricks-agent/,https://docs.union.ai/byoc/integrations/agents/databricks-agent,301,TRUE,,,
docs.union.ai/integrations/agents/databricks-agent,https://docs.union.ai/byoc/integrations/agents/databricks-agent,301,TRUE,,,
docs.union.ai/integrations/agents/databricks-agent/databricks-agent-example/,https://docs.union.ai/byoc/integrations/agents/databricks-agent/databricks-agent-example,301,TRUE,,,
docs.union.ai/integrations/agents/databricks-agent/databricks-agent-example,https://docs.union.ai/byoc/integrations/agents/databricks-agent/databricks-agent-example,301,TRUE,,,
docs.union.ai/integrations/agents/dgx-agent/,https://docs.union.ai/byoc/integrations/agents/dgx-agent,301,TRUE,,,
docs.union.ai/integrations/agents/dgx-agent,https://docs.union.ai/byoc/integrations/agents/dgx-agent,301,TRUE,,,
docs.union.ai/integrations/agents/file-sensor-agent/,https://docs.union.ai/byoc/integrations/agents/file-sensor-agent,301,TRUE,,,
docs.union.ai/integrations/agents/file-sensor-agent,https://docs.union.ai/byoc/integrations/agents/file-sensor-agent,301,TRUE,,,
docs.union.ai/integrations/agents/file-sensor-agent/file-sensor-agent-example/,https://docs.union.ai/byoc/integrations/agents/file-sensor-agent/file-sensor-agent-example,301,TRUE,,,
docs.union.ai/integrations/agents/file-sensor-agent/file-sensor-agent-example,https://docs.union.ai/byoc/integrations/agents/file-sensor-agent/file-sensor-agent-example,301,TRUE,,,
docs.union.ai/integrations/agents/mmcloud-agent/,https://docs.union.ai/byoc/integrations/agents/mmcloud-agent,301,TRUE,,,
docs.union.ai/integrations/agents/mmcloud-agent,https://docs.union.ai/byoc/integrations/agents/mmcloud-agent,301,TRUE,,,
docs.union.ai/integrations/agents/mmcloud-agent/mmcloud-agent-example/,https://docs.union.ai/byoc/integrations/agents/mmcloud-agent/mmcloud-agent-example,301,TRUE,,,
docs.union.ai/integrations/agents/mmcloud-agent/mmcloud-agent-example,https://docs.union.ai/byoc/integrations/agents/mmcloud-agent/mmcloud-agent-example,301,TRUE,,,
docs.union.ai/integrations/agents/sagemaker-agent/,https://docs.union.ai/byoc/integrations/agents/sagemaker-agent,301,TRUE,,,
docs.union.ai/integrations/agents/sagemaker-agent,https://docs.union.ai/byoc/integrations/agents/sagemaker-agent,301,TRUE,,,
docs.union.ai/integrations/agents/sagemaker-agent/sagemaker-agent-example/,https://docs.union.ai/byoc/integrations/agents/sagemaker-agent/sagemaker-agent-example,301,TRUE,,,
docs.union.ai/integrations/agents/sagemaker-agent/sagemaker-agent-example,https://docs.union.ai/byoc/integrations/agents/sagemaker-agent/sagemaker-agent-example,301,TRUE,,,
docs.union.ai/integrations/agents/snowflake-agent/,https://docs.union.ai/byoc/integrations/agents/snowflake-agent,301,TRUE,,,
docs.union.ai/integrations/agents/snowflake-agent,https://docs.union.ai/byoc/integrations/agents/snowflake-agent,301,TRUE,,,
docs.union.ai/integrations/agents/snowflake-agent/snowflake-agent-example/,https://docs.union.ai/byoc/integrations/agents/snowflake-agent/snowflake-agent-example,301,TRUE,,,
docs.union.ai/integrations/agents/snowflake-agent/snowflake-agent-example,https://docs.union.ai/byoc/integrations/agents/snowflake-agent/snowflake-agent-example,301,TRUE,,,
docs.union.ai/integrations/enabling-aws-resources/,https://docs.union.ai/byoc/integrations/enabling-aws-resources,301,TRUE,,,
docs.union.ai/integrations/enabling-aws-resources,https://docs.union.ai/byoc/integrations/enabling-aws-resources,301,TRUE,,,
docs.union.ai/integrations/enabling-aws-resources/enabling-aws-ecr/,https://docs.union.ai/byoc/integrations/enabling-aws-resources/enabling-aws-ecr,301,TRUE,,,
docs.union.ai/integrations/enabling-aws-resources/enabling-aws-ecr,https://docs.union.ai/byoc/integrations/enabling-aws-resources/enabling-aws-ecr,301,TRUE,,,
docs.union.ai/integrations/enabling-aws-resources/enabling-aws-s3/,https://docs.union.ai/byoc/integrations/enabling-aws-resources/enabling-aws-s3,301,TRUE,,,
docs.union.ai/integrations/enabling-aws-resources/enabling-aws-s3,https://docs.union.ai/byoc/integrations/enabling-aws-resources/enabling-aws-s3,301,TRUE,,,
docs.union.ai/integrations/enabling-aws-resources/enabling-aws-secrets-manager/,https://docs.union.ai/byoc/integrations/enabling-aws-resources/enabling-aws-secrets-manager,301,TRUE,,,
docs.union.ai/integrations/enabling-aws-resources/enabling-aws-secrets-manager,https://docs.union.ai/byoc/integrations/enabling-aws-resources/enabling-aws-secrets-manager,301,TRUE,,,
docs.union.ai/integrations/enabling-gcp-resources/,https://docs.union.ai/byoc/integrations/enabling-gcp-resources,301,TRUE,,,
docs.union.ai/integrations/enabling-gcp-resources,https://docs.union.ai/byoc/integrations/enabling-gcp-resources,301,TRUE,,,
docs.union.ai/integrations/enabling-gcp-resources/enabling-bigquery/,https://docs.union.ai/byoc/integrations/enabling-gcp-resources/enabling-bigquery,301,TRUE,,,
docs.union.ai/integrations/enabling-gcp-resources/enabling-bigquery,https://docs.union.ai/byoc/integrations/enabling-gcp-resources/enabling-bigquery,301,TRUE,,,
docs.union.ai/integrations/enabling-gcp-resources/enabling-google-artifact-registry/,https://docs.union.ai/byoc/integrations/enabling-gcp-resources/enabling-google-artifact-registry,301,TRUE,,,
docs.union.ai/integrations/enabling-gcp-resources/enabling-google-artifact-registry,https://docs.union.ai/byoc/integrations/enabling-gcp-resources/enabling-google-artifact-registry,301,TRUE,,,
docs.union.ai/integrations/enabling-gcp-resources/enabling-google-cloud-storage/,https://docs.union.ai/byoc/integrations/enabling-gcp-resources/enabling-google-cloud-storage,301,TRUE,,,
docs.union.ai/integrations/enabling-gcp-resources/enabling-google-cloud-storage,https://docs.union.ai/byoc/integrations/enabling-gcp-resources/enabling-google-cloud-storage,301,TRUE,,,
docs.union.ai/integrations/enabling-gcp-resources/enabling-google-secret-manager/,https://docs.union.ai/byoc/integrations/enabling-gcp-resources/enabling-google-secret-manager,301,TRUE,,,
docs.union.ai/integrations/enabling-gcp-resources/enabling-google-secret-manager,https://docs.union.ai/byoc/integrations/enabling-gcp-resources/enabling-google-secret-manager,301,TRUE,,,
docs.union.ai/onboarding/onboard-with-amazon-web-services/,https://docs.union.ai/byoc/data-plane-setup/data-plane-setup-on-aws,301,TRUE,,,
docs.union.ai/onboarding/onboard-with-amazon-web-services,https://docs.union.ai/byoc/data-plane-setup/data-plane-setup-on-aws,301,TRUE,,,
docs.union.ai/onboarding/onboard-with-google-cloud-platform/,https://docs.union.ai/byoc/data-plane-setup/data-plane-setup-on-gcp,301,TRUE,,,
docs.union.ai/onboarding/onboard-with-google-cloud-platform,https://docs.union.ai/byoc/data-plane-setup/data-plane-setup-on-gcp,301,TRUE,,,
docs.union.ai/onboarding/README/,https://docs.union.ai/byoc/data-plane-setup,301,TRUE,,,
docs.union.ai/onboarding/README,https://docs.union.ai/byoc/data-plane-setup,301,TRUE,,,
docs.union.ai/platform-architecture/,https://docs.union.ai/byoc/platform-architecture,301,TRUE,,,
docs.union.ai/platform-architecture,https://docs.union.ai/byoc/platform-architecture,301,TRUE,,,
docs.union.ai/release-notes/,https://docs.union.ai/byoc,301,TRUE,,,
docs.union.ai/release-notes,https://docs.union.ai/byoc,301,TRUE,,,
docs.union.ai/running-workflows/,https://docs.union.ai/byoc/web-console,301,TRUE,,,
docs.union.ai/running-workflows,https://docs.union.ai/byoc/web-console,301,TRUE,,,
docs.union.ai/running-workflows/execution-view/,https://docs.union.ai/byoc/web-console/execution-view,301,TRUE,,,
docs.union.ai/running-workflows/execution-view,https://docs.union.ai/byoc/web-console/execution-view,301,TRUE,,,
docs.union.ai/running-workflows/launching-workflows-and-tasks/,https://docs.union.ai/byoc/web-console/launching-workflows-and-tasks,301,TRUE,,,
docs.union.ai/running-workflows/launching-workflows-and-tasks,https://docs.union.ai/byoc/web-console/launching-workflows-and-tasks,301,TRUE,,,
docs.union.ai/running-workflows/logging/,https://docs.union.ai/byoc/web-console/logging,301,TRUE,,,
docs.union.ai/running-workflows/logging,https://docs.union.ai/byoc/web-console/logging,301,TRUE,,,
docs.union.ai/running-workflows/project-view/,https://docs.union.ai/byoc/web-console/execution-list,301,TRUE,,,
docs.union.ai/running-workflows/project-view,https://docs.union.ai/byoc/web-console/execution-list,301,TRUE,,,
docs.union.ai/running-workflows/registering-workflows/,https://docs.union.ai/byoc/development-cycle/registering-workflows,301,TRUE,,,
docs.union.ai/running-workflows/registering-workflows,https://docs.union.ai/byoc/development-cycle/registering-workflows,301,TRUE,,,
docs.union.ai/running-workflows/resource-monitoring/,https://docs.union.ai/byoc/web-console/usage,301,TRUE,,,
docs.union.ai/running-workflows/resource-monitoring,https://docs.union.ai/byoc/web-console/usage,301,TRUE,,,
docs.union.ai/running-workflows/task-level-monitoring/,https://docs.union.ai/byoc/web-console/task-level-monitoring,301,TRUE,,,
docs.union.ai/running-workflows/task-level-monitoring,https://docs.union.ai/byoc/web-console/task-level-monitoring,301,TRUE,,,
docs.union.ai/running-workflows/web-console/,https://docs.union.ai/byoc/web-console,301,TRUE,,,
docs.union.ai/running-workflows/web-console,https://docs.union.ai/byoc/web-console,301,TRUE,,,
docs.union.ai/union-and-flyte/,https://docs.union.ai/byoc/union-and-flyte,301,TRUE,,,
docs.union.ai/union-and-flyte,https://docs.union.ai/byoc/union-and-flyte,301,TRUE,,,
docs.union.ai/union-cloud-and-flyte/,https://docs.union.ai/byoc/union-overview,301,TRUE,,,
docs.union.ai/union-cloud-and-flyte,https://docs.union.ai/byoc/union-overview,301,TRUE,,,
docs.union.ai/web-console/,https://docs.union.ai/byoc/getting-started,301,TRUE,,,
docs.union.ai/web-console,https://docs.union.ai/byoc/getting-started,301,TRUE,,,
docs.union.ai/web-console/artifact-list/,https://docs.union.ai/byoc/core-concepts/artifacts/viewing-artifacts,301,TRUE,,,
docs.union.ai/web-console/artifact-list,https://docs.union.ai/byoc/core-concepts/artifacts/viewing-artifacts,301,TRUE,,,
docs.union.ai/web-console/artifact-view/,https://docs.union.ai/byoc/core-concepts/artifacts/viewing-artifacts,301,TRUE,,,
docs.union.ai/web-console/artifact-view,https://docs.union.ai/byoc/core-concepts/artifacts/viewing-artifacts,301,TRUE,,,
docs.union.ai/web-console/execution-list/,https://docs.union.ai/byoc/core-concepts/workflows/viewing-workflow-executions,301,TRUE,,,
docs.union.ai/web-console/execution-list,https://docs.union.ai/byoc/core-concepts/workflows/viewing-workflow-executions,301,TRUE,,,
docs.union.ai/web-console/execution-view/,https://docs.union.ai/byoc/core-concepts/workflows/viewing-workflow-executions,301,TRUE,,,
docs.union.ai/web-console/execution-view,https://docs.union.ai/byoc/core-concepts/workflows/viewing-workflow-executions,301,TRUE,,,
docs.union.ai/web-console/launch-plan-list/,https://docs.union.ai/byoc/core-concepts/launch-plans/inspecting-launch-plans,301,TRUE,,,
docs.union.ai/web-console/launch-plan-list,https://docs.union.ai/byoc/core-concepts/launch-plans/inspecting-launch-plans,301,TRUE,,,
docs.union.ai/web-console/launch-plan-view/,https://docs.union.ai/byoc/core-concepts/launch-plans/inspecting-launch-plans,301,TRUE,,,
docs.union.ai/web-console/launch-plan-view,https://docs.union.ai/byoc/core-concepts/launch-plans/inspecting-launch-plans,301,TRUE,,,
docs.union.ai/web-console/launching-workflows-and-tasks/,https://docs.union.ai/byoc/core-concepts/workflows/launching-workflows,301,TRUE,,,
docs.union.ai/web-console/launching-workflows-and-tasks,https://docs.union.ai/byoc/core-concepts/workflows/launching-workflows,301,TRUE,,,
docs.union.ai/web-console/logging/,https://docs.union.ai/byoc/core-concepts/tasks/viewing-cloudwatch-logs-for-a-task,301,TRUE,,,
docs.union.ai/web-console/logging,https://docs.union.ai/byoc/core-concepts/tasks/viewing-cloudwatch-logs-for-a-task,301,TRUE,,,
docs.union.ai/web-console/task-level-monitoring/,https://docs.union.ai/byoc/core-concepts/tasks/task-hardware-environment/task-level-monitoring,301,TRUE,,,
docs.union.ai/web-console/task-level-monitoring,https://docs.union.ai/byoc/core-concepts/tasks/task-hardware-environment/task-level-monitoring,301,TRUE,,,
docs.union.ai/web-console/task-list/,https://docs.union.ai/byoc/core-concepts/tasks/viewing-tasks,301,TRUE,,,
docs.union.ai/web-console/task-list,https://docs.union.ai/byoc/core-concepts/tasks/viewing-tasks,301,TRUE,,,
docs.union.ai/web-console/task-view/,https://docs.union.ai/byoc/core-concepts/tasks/viewing-tasks,301,TRUE,,,
docs.union.ai/web-console/task-view,https://docs.union.ai/byoc/core-concepts/tasks/viewing-tasks,301,TRUE,,,
docs.union.ai/web-console/usage-view/,https://docs.union.ai/byoc/web-console/usage,301,TRUE,,,
docs.union.ai/web-console/usage-view,https://docs.union.ai/byoc/web-console/usage,301,TRUE,,,
