www.union.ai/_r_/flyte,https://union.ai/docs/flyte/user-guide,302,TRUE,FALSE,TRUE,TRUE
www.union.ai/_r_/flyte/en,https://union.ai/docs/flyte/user-guide,302,TRUE,FALSE,TRUE,TRUE
www.union.ai/_r_/flyte/en/latest,https://union.ai/docs/flyte/user-guide,302,TRUE,FALSE,TRUE,TRUE
www.union.ai/_r_/flyte/en/latest/user_guide,https://union.ai/docs/flyte/user-guide,302,TRUE,FALSE,TRUE,TRUE
www.union.ai/_r_/flyte/en/latest/user_guide/advanced_composition,https://union.ai/docs/byoc/user-guide/programming/,302,TRUE,FALSE,TRUE,TRUE
www.union.ai/_r_/flyte/en/latest/user_guide/advanced_composition/chaining_flyte_entities,https://union.ai/docs/byoc/user-guide/programming/chaining-entities/,302,TRUE,FALSE,TRUE,TRUE
www.union.ai/_r_/flyte/en/latest/user_guide/advanced_composition/dynamic_workflows,https://union.ai/docs/flyte/user-guide/core-concepts/workflows/dynamic-workflows,302,TRUE,FALSE,TRUE,TRUE
www.union.ai/_r_/flyte/en/latest/user_guide/advanced_composition/eager_workflows,https://union.ai/docs/flyte/user-guide/core-concepts/workflows/eager-workflows,302,TRUE,FALSE,TRUE,TRUE
www.union.ai/_r_/flyte/en/latest/user_guide/advanced_composition/map_tasks,https://www.union.ai/docs/byoc/user-guide/core-concepts/tasks/map-tasks/#map-tasks,302,TRUE,FALSE,TRUE,TRUE
www.union.ai/_r_/flyte/en/latest/user_guide/advanced_composition/nested_parallelization,https://www.union.ai/docs/byoc/user-guide/programming/nested-parallelism,302,TRUE,FALSE,TRUE,TRUE
www.union.ai/_r_/flyte/en/latest/user_guide/advanced_composition/subworkflows,https://union.ai/docs/flyte/user-guide/core-concepts/workflows/subworkflows-and-sub-launch-plans,302,TRUE,FALSE,TRUE,TRUE
www.union.ai/_r_/flyte/en/latest/user_guide/basics,https://union.ai/docs/flyte/user-guide/core-concepts,302,TRUE,FALSE,TRUE,TRUE
www.union.ai/_r_/flyte/en/latest/user_guide/basics/documenting_workflows,https://union.ai/docs/flyte/user-guide/core-concepts/workflows,302,TRUE,FALSE,TRUE,TRUE
www.union.ai/_r_/flyte/en/latest/user_guide/basics/hello_world,https://union.ai/docs/flyte/user-guide/getting-started/understanding-the-code,302,TRUE,FALSE,TRUE,TRUE
www.union.ai/_r_/flyte/en/latest/user_guide/basics/imperative_workflows,https://union.ai/docs/flyte/user-guide/core-concepts/workflows,302,TRUE,FALSE,TRUE,TRUE
www.union.ai/_r_/flyte/en/latest/user_guide/basics/launch_plans,https://union.ai/docs/flyte/user-guide/core-concepts/launch-plans,302,TRUE,FALSE,TRUE,TRUE
www.union.ai/_r_/flyte/en/latest/user_guide/basics/named_outputs,https://union.ai/docs/flyte/user-guide/core-concepts/tasks/#,302,TRUE,FALSE,TRUE,TRUE
www.union.ai/_r_/flyte/en/latest/user_guide/basics/shell_tasks,https://union.ai/docs/flyte/user-guide/core-concepts/tasks/task-types,302,TRUE,FALSE,TRUE,TRUE
www.union.ai/_r_/flyte/en/latest/user_guide/basics/tasks,https://union.ai/docs/flyte/user-guide/core-concepts/tasks,302,TRUE,FALSE,TRUE,TRUE
www.union.ai/_r_/flyte/en/latest/user_guide/basics/workflows,https://union.ai/docs/flyte/user-guide/core-concepts/workflows,302,TRUE,FALSE,TRUE,TRUE
www.union.ai/_r_/flyte/en/latest/user_guide/concepts/component_architecture,https://www.union.ai/docs/flyte/architecture/component-architecture,302,TRUE,FALSE,TRUE,TRUE
www.union.ai/_r_/flyte/en/latest/user_guide/concepts/component_architecture/flytepropeller_architecture,https://www.union.ai/docs/flyte/architecture/component-architecture/flytepropeller-architecture,302,TRUE,FALSE,TRUE,TRUE
www.union.ai/_r_/flyte/en/latest/user_guide/concepts/component_architecture/native_scheduler_architecture,https://www.union.ai/docs/flyte/architecture/component-architecture/native_scheduler_architecture,302,TRUE,FALSE,TRUE,TRUE
www.union.ai/_r_/flyte/en/latest/user_guide/concepts/control_plane,https://www.union.ai/docs/flyte/architecture/control-plane/,302,TRUE,FALSE,TRUE,TRUE
www.union.ai/_r_/flyte/en/latest/user_guide/concepts/control_plane/admin,https://www.union.ai/docs/flyte/architecture/control-plane/admin/,302,TRUE,FALSE,TRUE,TRUE
www.union.ai/_r_/flyte/en/latest/user_guide/concepts/control_plane/console,https://www.union.ai/docs/flyte/architecture/control-plane/console/,302,TRUE,FALSE,TRUE,TRUE
www.union.ai/_r_/flyte/en/latest/user_guide/concepts/control_plane/domains,https://www.union.ai/docs/flyte/architecture/control-plane/domains/,302,TRUE,FALSE,TRUE,TRUE
www.union.ai/_r_/flyte/en/latest/user_guide/concepts/control_plane/dynamic_spec,https://www.union.ai/docs/flyte/architecture/control-plane/dynamic-job-spec/,302,TRUE,FALSE,TRUE,TRUE
www.union.ai/_r_/flyte/en/latest/user_guide/concepts/control_plane/projects,https://www.union.ai/docs/flyte/architecture/control-plane/projects/,302,TRUE,FALSE,TRUE,TRUE
www.union.ai/_r_/flyte/en/latest/user_guide/concepts/main_concepts,https://union.ai/docs/flyte/user-guide/core-concepts,302,TRUE,FALSE,TRUE,TRUE
www.union.ai/_r_/flyte/en/latest/user_guide/concepts/main_concepts/catalog,https://www.union.ai/docs/flyte/architecture/data-catalog/,302,TRUE,FALSE,TRUE,TRUE
www.union.ai/_r_/flyte/en/latest/user_guide/concepts/main_concepts/data_management,https://union.ai/docs/flyte/user-guide/data-input-output/task-input-and-output#metadata-and-raw-data,302,TRUE,FALSE,TRUE,TRUE
www.union.ai/_r_/flyte/en/latest/user_guide/concepts/main_concepts/execution_timeline,https://www.union.ai/docs/flyte/architecture/workflow-timeline/,302,TRUE,FALSE,TRUE,TRUE
www.union.ai/_r_/flyte/en/latest/user_guide/concepts/main_concepts/executions,https://www.union.ai/docs/flyte/architecture/executions/,302,TRUE,FALSE,TRUE,TRUE
www.union.ai/_r_/flyte/en/latest/user_guide/concepts/main_concepts/launchplans,https://union.ai/docs/flyte/user-guide/core-concepts/launch-plans,302,TRUE,FALSE,TRUE,TRUE
www.union.ai/_r_/flyte/en/latest/user_guide/concepts/main_concepts/registration,https://union.ai/docs/flyte/user-guide/development-cycle/running-your-code,302,TRUE,FALSE,TRUE,TRUE
www.union.ai/_r_/flyte/en/latest/user_guide/concepts/main_concepts/schedules,https://union.ai/docs/flyte/user-guide/core-concepts/launch-plans,302,TRUE,FALSE,TRUE,TRUE
www.union.ai/_r_/flyte/en/latest/user_guide/concepts/main_concepts/state_machine,https://www.union.ai/docs/flyte/architecture/workflow-state-transitions/,302,TRUE,FALSE,TRUE,TRUE
www.union.ai/_r_/flyte/en/latest/user_guide/concepts/main_concepts/tasks,https://union.ai/docs/flyte/user-guide/core-concepts/tasks,302,TRUE,FALSE,TRUE,TRUE
www.union.ai/_r_/flyte/en/latest/user_guide/concepts/main_concepts/versioning,https://www.union.ai/docs/flyte/architecture/versions/,302,TRUE,FALSE,TRUE,TRUE
www.union.ai/_r_/flyte/en/latest/user_guide/concepts/main_concepts/workflow_lifecycle,https://www.union.ai/docs/flyte/architecture/workflow-lifecycle/,302,TRUE,FALSE,TRUE,TRUE
www.union.ai/_r_/flyte/en/latest/user_guide/concepts/main_concepts/workflows,https://union.ai/docs/flyte/user-guide/core-concepts/workflows,302,TRUE,FALSE,TRUE,TRUE
www.union.ai/_r_/flyte/en/latest/user_guide/customizing_dependencies,https://www.union.ai/docs/byoc/user-guide/core-concepts/image-spec/,302,TRUE,FALSE,TRUE,TRUE
www.union.ai/_r_/flyte/en/latest/user_guide/customizing_dependencies/imagespec,https://www.union.ai/docs/byoc/user-guide/core-concepts/image-spec/,302,TRUE,FALSE,TRUE,TRUE
www.union.ai/_r_/flyte/en/latest/user_guide/customizing_dependencies/raw_containers,https://www.union.ai/docs/flyte/user-guide/core-concepts/tasks/task-types/#containertask,302,TRUE,FALSE,TRUE,TRUE
www.union.ai/_r_/flyte/en/latest/user_guide/data_types_and_io,https://union.ai/docs/flyte/user-guide/data-input-output,302,TRUE,FALSE,TRUE,TRUE
www.union.ai/_r_/flyte/en/latest/user_guide/data_types_and_io/accessing_attributes,https://union.ai/docs/flyte/user-guide/data-input-output/accessing-attributes/,302,TRUE,FALSE,TRUE,TRUE
www.union.ai/_r_/flyte/en/latest/user_guide/data_types_and_io/dataclass,https://union.ai/docs/flyte/user-guide/data-input-output/dataclass/,302,TRUE,FALSE,TRUE,TRUE
www.union.ai/_r_/flyte/en/latest/user_guide/data_types_and_io/enum_type,https://union.ai/docs/byoc/user-guide/data-input-output/enum/,302,TRUE,FALSE,TRUE,TRUE
www.union.ai/_r_/flyte/en/latest/user_guide/data_types_and_io/flytedirectory,https://union.ai/docs/flyte/user-guide/data-input-output/flyte-file-and-flyte-directory,302,TRUE,FALSE,TRUE,TRUE
www.union.ai/_r_/flyte/en/latest/user_guide/data_types_and_io/flytefile,https://union.ai/docs/flyte/user-guide/data-input-output/flyte-file-and-flyte-directory,302,TRUE,FALSE,TRUE,TRUE
www.union.ai/_r_/flyte/en/latest/user_guide/data_types_and_io/pickle_type,https://union.ai/docs/byoc/user-guide/data-input-output/pickle/,302,TRUE,FALSE,TRUE,TRUE
www.union.ai/_r_/flyte/en/latest/user_guide/data_types_and_io/pydantic_basemodel,https://union.ai/docs/flyte/user-guide/data-input-output/pydantic/,302,TRUE,FALSE,TRUE,TRUE
www.union.ai/_r_/flyte/en/latest/user_guide/data_types_and_io/pytorch_type,https://union.ai/docs/flyte/user-guide/data-input-output/pytorch/,302,TRUE,FALSE,TRUE,TRUE
www.union.ai/_r_/flyte/en/latest/user_guide/data_types_and_io/structureddataset,https://union.ai/docs/flyte/user-guide/data-input-output/structured-dataset/,302,TRUE,FALSE,TRUE,TRUE
www.union.ai/_r_/flyte/en/latest/user_guide/data_types_and_io/tensorflow_type,https://union.ai/docs/byoc/user-guide/data-input-output/tensorflow/,302,TRUE,FALSE,TRUE,TRUE
www.union.ai/_r_/flyte/en/latest/user_guide/development_lifecycle,https://www.union.ai/docs/flyte/user-guide/development-cycle/,302,TRUE,FALSE,TRUE,TRUE
www.union.ai/_r_/flyte/en/latest/user_guide/development_lifecycle/cache_serializing,https://union.ai/docs/flyte/user-guide/core-concepts/caching,302,TRUE,FALSE,TRUE,TRUE
www.union.ai/_r_/flyte/en/latest/user_guide/development_lifecycle/caching,https://union.ai/docs/flyte/user-guide/core-concepts/caching,302,TRUE,FALSE,TRUE,TRUE
www.union.ai/_r_/flyte/en/latest/user_guide/development_lifecycle/creating_a_new_project,https://union.ai/docs/flyte/user-guide/development-cycle/projects-and-domains,302,TRUE,FALSE,TRUE,TRUE
www.union.ai/_r_/flyte/en/latest/user_guide/development_lifecycle/debugging_executions,https://union.ai/docs/flyte/user-guide/development-cycle/debugging-with-interactive-tasks,302,TRUE,FALSE,TRUE,TRUE
www.union.ai/_r_/flyte/en/latest/user_guide/development_lifecycle/decks,https://union.ai/docs/flyte/user-guide/core-concepts/decks,302,TRUE,FALSE,TRUE,TRUE
www.union.ai/_r_/flyte/en/latest/user_guide/development_lifecycle/failure_node,https://www.union.ai/docs/flyte/user-guide/programming/failure-node/,302,TRUE,FALSE,TRUE,TRUE
www.union.ai/_r_/flyte/en/latest/user_guide/development_lifecycle/inspecting_executions,https://union.ai/docs/flyte/user-guide/development-cycle/running-your-code,302,TRUE,FALSE,TRUE,TRUE
www.union.ai/_r_/flyte/en/latest/user_guide/development_lifecycle/migrating_from_airflow_to_flyte,https://www.union.ai/docs/flyte/user-guide/development-cycle/migrating_from_airflow_to_flyte/,302,TRUE,FALSE,TRUE,TRUE
www.union.ai/_r_/flyte/en/latest/user_guide/development_lifecycle/private_images,https://union.ai/docs/flyte/user-guide/development-cycle/image-spec,302,TRUE,FALSE,TRUE,TRUE
www.union.ai/_r_/flyte/en/latest/user_guide/development_lifecycle/running_launch_plans,https://union.ai/docs/flyte/user-guide/development-cycle/running-your-code,302,TRUE,FALSE,TRUE,TRUE
www.union.ai/_r_/flyte/en/latest/user_guide/development_lifecycle/running_tasks,https://union.ai/docs/flyte/user-guide/development-cycle/running-your-code,302,TRUE,FALSE,TRUE,TRUE
www.union.ai/_r_/flyte/en/latest/user_guide/development_lifecycle/running_workflows,https://union.ai/docs/flyte/user-guide/development-cycle/running-your-code,302,TRUE,FALSE,TRUE,TRUE
www.union.ai/_r_/flyte/en/latest/user_guide/environment_setup,https://www.union.ai/docs/flyte/user-guide/getting-started/local-setup/,302,TRUE,FALSE,TRUE,TRUE
www.union.ai/_r_/flyte/en/latest/user_guide/extending,https://www.union.ai/docs/flyte/architecture/extending-flyte/,302,TRUE,FALSE,TRUE,TRUE
www.union.ai/_r_/flyte/en/latest/user_guide/extending/backend_plugins,https://www.union.ai/docs/flyte/architecture/extending-flyte/backend-plugins/,302,TRUE,FALSE,TRUE,TRUE
www.union.ai/_r_/flyte/en/latest/user_guide/extending/container_interface,https://www.union.ai/docs/flyte/architecture/extending-flyte/container-interface/,302,TRUE,FALSE,TRUE,TRUE
www.union.ai/_r_/flyte/en/latest/user_guide/extending/custom_types,https://www.union.ai/docs/flyte/architecture/extending-flyte/custom-types/,302,TRUE,FALSE,TRUE,TRUE
www.union.ai/_r_/flyte/en/latest/user_guide/extending/prebuilt_container_task_plugins,https://www.union.ai/docs/flyte/architecture/extending-flyte/prebuilt-container-task-plugins/,302,TRUE,FALSE,TRUE,TRUE
www.union.ai/_r_/flyte/en/latest/user_guide/extending/user_container_task_plugins,https://www.union.ai/docs/flyte/architecture/extending-flyte/user-container-task-plugins/,302,TRUE,FALSE,TRUE,TRUE
www.union.ai/_r_/flyte/en/latest/user_guide/flyte_agents,https://union.ai/docs/flyte/user-guide/integrations/agents,302,TRUE,FALSE,TRUE,TRUE
www.union.ai/_r_/flyte/en/latest/user_guide/flyte_agents/deploying_agents_to_the_flyte_sandbox,https://union.ai/docs/flyte/user-guide/integrations/agents,302,TRUE,FALSE,TRUE,TRUE
www.union.ai/_r_/flyte/en/latest/user_guide/flyte_agents/developing_agents,https://union.ai/docs/flyte/user-guide/integrations/agents,302,TRUE,FALSE,TRUE,TRUE
www.union.ai/_r_/flyte/en/latest/user_guide/flyte_agents/enabling_agents_in_your_flyte_deployment,https://union.ai/docs/flyte/user-guide/integrations/agents,302,TRUE,FALSE,TRUE,TRUE
www.union.ai/_r_/flyte/en/latest/user_guide/flyte_agents/how_secret_works_in_agent,https://union.ai/docs/flyte/user-guide/integrations/agents,302,TRUE,FALSE,TRUE,TRUE
www.union.ai/_r_/flyte/en/latest/user_guide/flyte_agents/implementing_the_agent_metadata_service,https://union.ai/docs/flyte/user-guide/integrations/agents,302,TRUE,FALSE,TRUE,TRUE
www.union.ai/_r_/flyte/en/latest/user_guide/flyte_agents/testing_agents_in_a_local_development_cluster,https://union.ai/docs/flyte/user-guide/integrations/agents,302,TRUE,FALSE,TRUE,TRUE
www.union.ai/_r_/flyte/en/latest/user_guide/flyte_agents/testing_agents_in_a_local_python_environment,https://union.ai/docs/flyte/user-guide/integrations/agents,302,TRUE,FALSE,TRUE,TRUE
www.union.ai/_r_/flyte/en/latest/user_guide/flyte_fundamentals,https://union.ai/docs/flyte/user-guide/core-concepts,302,TRUE,FALSE,TRUE,TRUE
www.union.ai/_r_/flyte/en/latest/user_guide/flyte_fundamentals/jupyter_notebook_interaction,https://www.union.ai/docs/flyte/user-guide/development-cycle/jupyter-notebooks/,302,TRUE,FALSE,TRUE,TRUE
www.union.ai/_r_/flyte/en/latest/user_guide/flyte_fundamentals/registering_workflows,https://union.ai/docs/flyte/user-guide/development-cycle/running-your-code,302,TRUE,FALSE,TRUE,TRUE
www.union.ai/_r_/flyte/en/latest/user_guide/flyte_fundamentals/running_and_scheduling_workflows,https://union.ai/docs/flyte/user-guide/development-cycle/union-remote,302,TRUE,FALSE,TRUE,TRUE
www.union.ai/_r_/flyte/en/latest/user_guide/flyte_fundamentals/tasks_workflows_and_launch_plans,https://union.ai/docs/flyte/user-guide/core-concepts/workflows,302,TRUE,FALSE,TRUE,TRUE
www.union.ai/_r_/flyte/en/latest/user_guide/flyte_fundamentals/visualizing_task_input_and_output,https://www.union.ai/docs/flyte/user-guide/development-cycle/decks/,302,TRUE,FALSE,TRUE,TRUE
www.union.ai/_r_/flyte/en/latest/user_guide/getting_started_with_workflow_development,https://union.ai/docs/flyte/user-guide/getting-started,302,TRUE,FALSE,TRUE,TRUE
www.union.ai/_r_/flyte/en/latest/user_guide/getting_started_with_workflow_development/creating_a_flyte_project,https://union.ai/docs/flyte/user-guide/getting-started/first-project,302,TRUE,FALSE,TRUE,TRUE
www.union.ai/_r_/flyte/en/latest/user_guide/getting_started_with_workflow_development/flyte_project_components,https://union.ai/docs/flyte/user-guide/getting-started/understanding-the-code,302,TRUE,FALSE,TRUE,TRUE
www.union.ai/_r_/flyte/en/latest/user_guide/getting_started_with_workflow_development/installing_development_tools,https://union.ai/docs/flyte/user-guide/getting-started/local-setup,302,TRUE,FALSE,TRUE,TRUE
www.union.ai/_r_/flyte/en/latest/user_guide/getting_started_with_workflow_development/running_a_workflow_locally,https://union.ai/docs/serverless/user-guide/getting-started/running-your-workflow,302,TRUE,FALSE,TRUE,TRUE
www.union.ai/_r_/flyte/en/latest/user_guide/introduction,https://union.ai/docs/flyte/user-guide/about-union,302,TRUE,FALSE,TRUE,TRUE
www.union.ai/_r_/flyte/en/latest/user_guide/productionizing/configuring_access_to_gpus,https://www.union.ai/docs/flyte/deployment/configuring-access-to-gpus/,302,TRUE,FALSE,TRUE,TRUE
www.union.ai/_r_/flyte/en/latest/user_guide/productionizing/configuring_logging_links_in_the_ui,https://www.union.ai/docs/flyte/deployment/configuring-logging-links-in-the-ui/,302,TRUE,FALSE,TRUE,TRUE
www.union.ai/_r_/flyte/en/latest/user_guide/productionizing/customizing_task_resources,https://union.ai/docs/flyte/user-guide/core-concepts/tasks/task-hardware-environment/customizing-task-resources,302,TRUE,FALSE,TRUE,TRUE
www.union.ai/_r_/flyte/en/latest/user_guide/productionizing/notifications,https://union.ai/docs/flyte/user-guide/core-concepts/launch-plans/notifications,302,TRUE,FALSE,TRUE,TRUE
www.union.ai/_r_/flyte/en/latest/user_guide/productionizing/reference_launch_plans,https://union.ai/docs/flyte/user-guide/core-concepts/launch-plans/reference-launch-plans,302,TRUE,FALSE,TRUE,TRUE
www.union.ai/_r_/flyte/en/latest/user_guide/productionizing/reference_tasks,https://www.union.ai/docs/byoc/user-guide/core-concepts/tasks/reference-tasks/,302,TRUE,FALSE,TRUE,TRUE
www.union.ai/_r_/flyte/en/latest/user_guide/productionizing/schedules,https://union.ai/docs/flyte/user-guide/core-concepts/launch-plans/schedules,302,TRUE,FALSE,TRUE,TRUE
www.union.ai/_r_/flyte/en/latest/user_guide/productionizing/secrets,https://union.ai/docs/flyte/user-guide/development-cycle/managing-secrets,302,TRUE,FALSE,TRUE,TRUE
www.union.ai/_r_/flyte/en/latest/user_guide/productionizing/spot_instances,https://union.ai/docs/flyte/user-guide/core-concepts/tasks/task-hardware-environment/interruptible-instances,302,TRUE,FALSE,TRUE,TRUE
www.union.ai/_r_/flyte/en/latest/user_guide/productionizing/workflow_labels_and_annotations,https://union.ai/docs/flyte/user-guide/core-concepts/launch-plans/defining-launch-plans,302,TRUE,FALSE,TRUE,TRUE
www.union.ai/_r_/flyte/en/latest/user_guide/quickstart_guide,https://union.ai/docs/flyte/user-guide/getting-started,302,TRUE,FALSE,TRUE,TRUE
www.union.ai/_r_/flyte/en/latest/user_guide/testing,https://www.union.ai/docs/flyte/user-guide/development-cycle/testing/,302,TRUE,FALSE,TRUE,TRUE
www.union.ai/_r_/flyte/en/latest/user_guide/testing/mocking_tasks,https://www.union.ai/docs/flyte/user-guide/development-cycle/testing/mocking-tasks/,302,TRUE,FALSE,TRUE,TRUE
