www.union.ai/_r_/flyte,https://www.union.ai/docs/flyte/user-guide,302,TRUE,FALSE,TRUE,TRUE
www.union.ai/_r_/flyte/,https://www.union.ai/docs/flyte/user-guide,302,TRUE,FALSE,TRUE,TRUE
www.union.ai/_r_/flyte/en,https://www.union.ai/docs/flyte/user-guide,302,TRUE,FALSE,TRUE,TRUE
www.union.ai/_r_/flyte/en/latest,https://www.union.ai/docs/flyte/user-guide,302,TRUE,FALSE,TRUE,TRUE
www.union.ai/_r_/flyte/en/latest/user_guide,https://www.union.ai/docs/flyte/user-guide,302,TRUE,FALSE,TRUE,TRUE
www.union.ai/_r_/flyte/en/latest/user_guide/advanced_composition,https://www.union.ai/docs/flyte/user-guide/programming,302,TRUE,FALSE,TRUE,TRUE
www.union.ai/_r_/flyte/en/latest/user_guide/advanced_composition/chaining_flyte_entities,https://www.union.ai/docs/flyte/user-guide/programming/chaining-entities,302,TRUE,FALSE,TRUE,TRUE
www.union.ai/_r_/flyte/en/latest/user_guide/advanced_composition/dynamic_workflows,https://www.union.ai/docs/flyte/user-guide/core-concepts/workflows/dynamic-workflows,302,TRUE,FALSE,TRUE,TRUE
www.union.ai/_r_/flyte/en/latest/user_guide/advanced_composition/eager_workflows,https://www.union.ai/docs/flyte/user-guide/core-concepts/workflows/eager-workflows,302,TRUE,FALSE,TRUE,TRUE
www.union.ai/_r_/flyte/en/latest/user_guide/advanced_composition/map_tasks,https://www.union.ai/docs/flyte/user-guide/core-concepts/tasks/map-tasks/#map-tasks,302,TRUE,FALSE,TRUE,TRUE
www.union.ai/_r_/flyte/en/latest/user_guide/advanced_composition/nested_parallelization,https://www.union.ai/docs/flyte/user-guide/programming/nested-parallelism,302,TRUE,FALSE,TRUE,TRUE
www.union.ai/_r_/flyte/en/latest/user_guide/advanced_composition/subworkflows,https://www.union.ai/docs/flyte/user-guide/core-concepts/workflows/subworkflows-and-sub-launch-plans,302,TRUE,FALSE,TRUE,TRUE
www.union.ai/_r_/flyte/en/latest/user_guide/basics,https://www.union.ai/docs/flyte/user-guide/core-concepts,302,TRUE,FALSE,TRUE,TRUE
www.union.ai/_r_/flyte/en/latest/user_guide/basics/documenting_workflows,https://www.union.ai/docs/flyte/user-guide/core-concepts/workflows,302,TRUE,FALSE,TRUE,TRUE
www.union.ai/_r_/flyte/en/latest/user_guide/basics/hello_world,https://www.union.ai/docs/flyte/user-guide/getting-started/understanding-the-code,302,TRUE,FALSE,TRUE,TRUE
www.union.ai/_r_/flyte/en/latest/user_guide/basics/imperative_workflows,https://www.union.ai/docs/flyte/user-guide/core-concepts/workflows,302,TRUE,FALSE,TRUE,TRUE
www.union.ai/_r_/flyte/en/latest/user_guide/basics/launch_plans,https://www.union.ai/docs/flyte/user-guide/core-concepts/launch-plans,302,TRUE,FALSE,TRUE,TRUE
www.union.ai/_r_/flyte/en/latest/user_guide/basics/named_outputs,https://www.union.ai/docs/flyte/user-guide/core-concepts/tasks/#,302,TRUE,FALSE,TRUE,TRUE
www.union.ai/_r_/flyte/en/latest/user_guide/basics/shell_tasks,https://www.union.ai/docs/flyte/user-guide/core-concepts/tasks/task-types,302,TRUE,FALSE,TRUE,TRUE
www.union.ai/_r_/flyte/en/latest/user_guide/basics/tasks,https://www.union.ai/docs/flyte/user-guide/core-concepts/tasks,302,TRUE,FALSE,TRUE,TRUE
www.union.ai/_r_/flyte/en/latest/user_guide/basics/workflows,https://www.union.ai/docs/flyte/user-guide/core-concepts/workflows,302,TRUE,FALSE,TRUE,TRUE
www.union.ai/_r_/flyte/en/latest/user_guide/concepts,https://www.union.ai/docs/flyte/user-guide/core-concepts,302,TRUE,FALSE,TRUE,TRUE
www.union.ai/_r_/flyte/en/latest/user_guide/concepts/component_architecture,https://www.union.ai/docs/flyte/architecture/component-architecture,302,TRUE,FALSE,TRUE,TRUE
www.union.ai/_r_/flyte/en/latest/user_guide/concepts/component_architecture/flytepropeller_architecture,https://www.union.ai/docs/flyte/architecture/component-architecture/flytepropeller_architecture,302,TRUE,FALSE,TRUE,TRUE
www.union.ai/_r_/flyte/en/latest/user_guide/concepts/component_architecture/native_scheduler_architecture,https://www.union.ai/docs/flyte/architecture/component-architecture/native_scheduler_architecture,302,TRUE,FALSE,TRUE,TRUE
www.union.ai/_r_/flyte/en/latest/user_guide/concepts/control_plane,https://www.union.ai/docs/flyte/architecture/control-plane,302,TRUE,FALSE,TRUE,TRUE
www.union.ai/_r_/flyte/en/latest/user_guide/concepts/control_plane/admin,https://www.union.ai/docs/flyte/architecture/control-plane/admin,302,TRUE,FALSE,TRUE,TRUE
www.union.ai/_r_/flyte/en/latest/user_guide/concepts/control_plane/console,https://www.union.ai/docs/flyte/architecture/control-plane/console,302,TRUE,FALSE,TRUE,TRUE
www.union.ai/_r_/flyte/en/latest/user_guide/concepts/control_plane/domains,https://www.union.ai/docs/flyte/architecture/control-plane/domains,302,TRUE,FALSE,TRUE,TRUE
www.union.ai/_r_/flyte/en/latest/user_guide/concepts/control_plane/dynamic_spec,https://www.union.ai/docs/flyte/architecture/control-plane/dynamic-job-spec,302,TRUE,FALSE,TRUE,TRUE
www.union.ai/_r_/flyte/en/latest/user_guide/concepts/control_plane/projects,https://www.union.ai/docs/flyte/architecture/control-plane/projects,302,TRUE,FALSE,TRUE,TRUE
www.union.ai/_r_/flyte/en/latest/user_guide/concepts/main_concepts,https://www.union.ai/docs/flyte/user-guide/core-concepts,302,TRUE,FALSE,TRUE,TRUE
www.union.ai/_r_/flyte/en/latest/user_guide/concepts/main_concepts/catalog,https://www.union.ai/docs/flyte/architecture/data-catalog,302,TRUE,FALSE,TRUE,TRUE
www.union.ai/_r_/flyte/en/latest/user_guide/concepts/main_concepts/data_management,https://www.union.ai/docs/flyte/user-guide/data-input-output/task-input-and-output#metadata-and-raw-data,302,TRUE,FALSE,TRUE,TRUE
www.union.ai/_r_/flyte/en/latest/user_guide/concepts/main_concepts/execution_timeline,https://www.union.ai/docs/flyte/architecture/workflow-timeline,302,TRUE,FALSE,TRUE,TRUE
www.union.ai/_r_/flyte/en/latest/user_guide/concepts/main_concepts/executions,https://www.union.ai/docs/flyte/architecture/executions,302,TRUE,FALSE,TRUE,TRUE
www.union.ai/_r_/flyte/en/latest/user_guide/concepts/main_concepts/launchplans,https://www.union.ai/docs/flyte/user-guide/core-concepts/launch-plans,302,TRUE,FALSE,TRUE,TRUE
www.union.ai/_r_/flyte/en/latest/user_guide/concepts/main_concepts/registration,https://www.union.ai/docs/flyte/user-guide/development-cycle/running-your-code,302,TRUE,FALSE,TRUE,TRUE
www.union.ai/_r_/flyte/en/latest/user_guide/concepts/main_concepts/schedules,https://www.union.ai/docs/flyte/user-guide/core-concepts/launch-plans,302,TRUE,FALSE,TRUE,TRUE
www.union.ai/_r_/flyte/en/latest/user_guide/concepts/main_concepts/state_machine,https://www.union.ai/docs/flyte/architecture/workflow-state-transitions,302,TRUE,FALSE,TRUE,TRUE
www.union.ai/_r_/flyte/en/latest/user_guide/concepts/main_concepts/tasks,https://www.union.ai/docs/flyte/user-guide/core-concepts/tasks,302,TRUE,FALSE,TRUE,TRUE
www.union.ai/_r_/flyte/en/latest/user_guide/concepts/main_concepts/versioning,https://www.union.ai/docs/flyte/architecture/versions,302,TRUE,FALSE,TRUE,TRUE
www.union.ai/_r_/flyte/en/latest/user_guide/concepts/main_concepts/workflow_lifecycle,https://www.union.ai/docs/flyte/architecture/workflow-lifecycle,302,TRUE,FALSE,TRUE,TRUE
www.union.ai/_r_/flyte/en/latest/user_guide/concepts/main_concepts/workflows,https://www.union.ai/docs/flyte/user-guide/core-concepts/workflows,302,TRUE,FALSE,TRUE,TRUE
www.union.ai/_r_/flyte/en/latest/user_guide/customizing_dependencies,https://www.union.ai/docs/flyte/user-guide/core-concepts/image-spec,302,TRUE,FALSE,TRUE,TRUE
www.union.ai/_r_/flyte/en/latest/user_guide/customizing_dependencies/imagespec,https://www.union.ai/docs/flyte/user-guide/core-concepts/image-spec,302,TRUE,FALSE,TRUE,TRUE
www.union.ai/_r_/flyte/en/latest/user_guide/customizing_dependencies/raw_containers,https://www.union.ai/docs/flyte/user-guide/core-concepts/tasks/task-types/#containertask,302,TRUE,FALSE,TRUE,TRUE
www.union.ai/_r_/flyte/en/latest/user_guide/data_types_and_io,https://www.union.ai/docs/flyte/user-guide/data-input-output,302,TRUE,FALSE,TRUE,TRUE
www.union.ai/_r_/flyte/en/latest/user_guide/data_types_and_io/accessing_attributes,https://www.union.ai/docs/flyte/user-guide/data-input-output/accessing-attributes,302,TRUE,FALSE,TRUE,TRUE
www.union.ai/_r_/flyte/en/latest/user_guide/data_types_and_io/dataclass,https://www.union.ai/docs/flyte/user-guide/data-input-output/dataclass,302,TRUE,FALSE,TRUE,TRUE
www.union.ai/_r_/flyte/en/latest/user_guide/data_types_and_io/enum_type,https://www.union.ai/docs/flyte/user-guide/data-input-output/enum,302,TRUE,FALSE,TRUE,TRUE
www.union.ai/_r_/flyte/en/latest/user_guide/data_types_and_io/flytedirectory,https://www.union.ai/docs/flyte/user-guide/data-input-output/flyte-file-and-flyte-directory,302,TRUE,FALSE,TRUE,TRUE
www.union.ai/_r_/flyte/en/latest/user_guide/data_types_and_io/flytefile,https://www.union.ai/docs/flyte/user-guide/data-input-output/flyte-file-and-flyte-directory,302,TRUE,FALSE,TRUE,TRUE
www.union.ai/_r_/flyte/en/latest/user_guide/data_types_and_io/pickle_type,https://www.union.ai/docs/flyte/user-guide/data-input-output/pickle,302,TRUE,FALSE,TRUE,TRUE
www.union.ai/_r_/flyte/en/latest/user_guide/data_types_and_io/pydantic_basemodel,https://www.union.ai/docs/flyte/user-guide/data-input-output/pydantic,302,TRUE,FALSE,TRUE,TRUE
www.union.ai/_r_/flyte/en/latest/user_guide/data_types_and_io/pytorch_type,https://www.union.ai/docs/flyte/user-guide/data-input-output/pytorch,302,TRUE,FALSE,TRUE,TRUE
www.union.ai/_r_/flyte/en/latest/user_guide/data_types_and_io/structureddataset,https://www.union.ai/docs/flyte/user-guide/data-input-output/structured-dataset,302,TRUE,FALSE,TRUE,TRUE
www.union.ai/_r_/flyte/en/latest/user_guide/data_types_and_io/tensorflow_type,https://www.union.ai/docs/flyte/user-guide/data-input-output/tensorflow,302,TRUE,FALSE,TRUE,TRUE
www.union.ai/_r_/flyte/en/latest/user_guide/development_lifecycle,https://www.union.ai/docs/flyte/user-guide/development-cycle,302,TRUE,FALSE,TRUE,TRUE
www.union.ai/_r_/flyte/en/latest/user_guide/development_lifecycle/cache_serializing,https://www.union.ai/docs/flyte/user-guide/core-concepts/caching,302,TRUE,FALSE,TRUE,TRUE
www.union.ai/_r_/flyte/en/latest/user_guide/development_lifecycle/caching,https://www.union.ai/docs/flyte/user-guide/core-concepts/caching,302,TRUE,FALSE,TRUE,TRUE
www.union.ai/_r_/flyte/en/latest/user_guide/development_lifecycle/creating_a_new_project,https://www.union.ai/docs/flyte/user-guide/development-cycle/projects-and-domains,302,TRUE,FALSE,TRUE,TRUE
www.union.ai/_r_/flyte/en/latest/user_guide/development_lifecycle/debugging_executions,https://www.union.ai/docs/flyte/user-guide/development-cycle/debugging-with-interactive-tasks,302,TRUE,FALSE,TRUE,TRUE
www.union.ai/_r_/flyte/en/latest/user_guide/development_lifecycle/decks,https://www.union.ai/docs/flyte/user-guide/core-concepts/decks,302,TRUE,FALSE,TRUE,TRUE
www.union.ai/_r_/flyte/en/latest/user_guide/development_lifecycle/failure_node,https://www.union.ai/docs/flyte/user-guide/programming/failure-node,302,TRUE,FALSE,TRUE,TRUE
www.union.ai/_r_/flyte/en/latest/user_guide/development_lifecycle/inspecting_executions,https://www.union.ai/docs/flyte/user-guide/development-cycle/running-your-code,302,TRUE,FALSE,TRUE,TRUE
www.union.ai/_r_/flyte/en/latest/user_guide/development_lifecycle/migrating_from_airflow_to_flyte,https://www.union.ai/docs/flyte/user-guide/development-cycle/migrating_from_airflow_to_flyte,302,TRUE,FALSE,TRUE,TRUE
www.union.ai/_r_/flyte/en/latest/user_guide/development_lifecycle/private_images,https://www.union.ai/docs/flyte/user-guide/development-cycle/image-spec,302,TRUE,FALSE,TRUE,TRUE
www.union.ai/_r_/flyte/en/latest/user_guide/development_lifecycle/running_launch_plans,https://www.union.ai/docs/flyte/user-guide/development-cycle/running-your-code,302,TRUE,FALSE,TRUE,TRUE
www.union.ai/_r_/flyte/en/latest/user_guide/development_lifecycle/running_tasks,https://www.union.ai/docs/flyte/user-guide/development-cycle/running-your-code,302,TRUE,FALSE,TRUE,TRUE
www.union.ai/_r_/flyte/en/latest/user_guide/development_lifecycle/running_workflows,https://www.union.ai/docs/flyte/user-guide/development-cycle/running-your-code,302,TRUE,FALSE,TRUE,TRUE
www.union.ai/_r_/flyte/en/latest/user_guide/environment_setup,https://www.union.ai/docs/flyte/user-guide/getting-started/local-setup,302,TRUE,FALSE,TRUE,TRUE
www.union.ai/_r_/flyte/en/latest/user_guide/extending,https://www.union.ai/docs/flyte/architecture/extending-flyte,302,TRUE,FALSE,TRUE,TRUE
www.union.ai/_r_/flyte/en/latest/user_guide/extending/backend_plugins,https://www.union.ai/docs/flyte/architecture/extending-flyte/backend-plugins,302,TRUE,FALSE,TRUE,TRUE
www.union.ai/_r_/flyte/en/latest/user_guide/extending/container_interface,https://www.union.ai/docs/flyte/architecture/extending-flyte/container-interface,302,TRUE,FALSE,TRUE,TRUE
www.union.ai/_r_/flyte/en/latest/user_guide/extending/custom_types,https://www.union.ai/docs/flyte/architecture/extending-flyte/custom-types,302,TRUE,FALSE,TRUE,TRUE
www.union.ai/_r_/flyte/en/latest/user_guide/extending/prebuilt_container_task_plugins,https://www.union.ai/docs/flyte/architecture/extending-flyte/prebuilt-container-task-plugins,302,TRUE,FALSE,TRUE,TRUE
www.union.ai/_r_/flyte/en/latest/user_guide/extending/user_container_task_plugins,https://www.union.ai/docs/flyte/architecture/extending-flyte/user-container-task-plugins,302,TRUE,FALSE,TRUE,TRUE
www.union.ai/_r_/flyte/en/latest/user_guide/flyte_agents,https://www.union.ai/docs/flyte/user-guide/integrations/agents,302,TRUE,FALSE,TRUE,TRUE
www.union.ai/_r_/flyte/en/latest/user_guide/flyte_agents/deploying_agents_to_the_flyte_sandbox,https://www.union.ai/docs/flyte/user-guide/integrations/agents,302,TRUE,FALSE,TRUE,TRUE
www.union.ai/_r_/flyte/en/latest/user_guide/flyte_agents/developing_agents,https://www.union.ai/docs/flyte/user-guide/integrations/agents,302,TRUE,FALSE,TRUE,TRUE
www.union.ai/_r_/flyte/en/latest/user_guide/flyte_agents/enabling_agents_in_your_flyte_deployment,https://www.union.ai/docs/flyte/user-guide/integrations/agents,302,TRUE,FALSE,TRUE,TRUE
www.union.ai/_r_/flyte/en/latest/user_guide/flyte_agents/how_secret_works_in_agent,https://www.union.ai/docs/flyte/user-guide/integrations/agents,302,TRUE,FALSE,TRUE,TRUE
www.union.ai/_r_/flyte/en/latest/user_guide/flyte_agents/implementing_the_agent_metadata_service,https://www.union.ai/docs/flyte/user-guide/integrations/agents,302,TRUE,FALSE,TRUE,TRUE
www.union.ai/_r_/flyte/en/latest/user_guide/flyte_agents/testing_agents_in_a_local_development_cluster,https://www.union.ai/docs/flyte/user-guide/integrations/agents,302,TRUE,FALSE,TRUE,TRUE
www.union.ai/_r_/flyte/en/latest/user_guide/flyte_agents/testing_agents_in_a_local_python_environment,https://www.union.ai/docs/flyte/user-guide/integrations/agents,302,TRUE,FALSE,TRUE,TRUE
www.union.ai/_r_/flyte/en/latest/user_guide/flyte_fundamentals,https://www.union.ai/docs/flyte/user-guide/core-concepts,302,TRUE,FALSE,TRUE,TRUE
www.union.ai/_r_/flyte/en/latest/user_guide/flyte_fundamentals/jupyter_notebook_interaction,https://www.union.ai/docs/flyte/user-guide/development-cycle/jupyter-notebooks,302,TRUE,FALSE,TRUE,TRUE
www.union.ai/_r_/flyte/en/latest/user_guide/flyte_fundamentals/registering_workflows,https://www.union.ai/docs/flyte/user-guide/development-cycle/running-your-code,302,TRUE,FALSE,TRUE,TRUE
www.union.ai/_r_/flyte/en/latest/user_guide/flyte_fundamentals/running_and_scheduling_workflows,https://www.union.ai/docs/flyte/user-guide/core-concepts/launch-plans,302,TRUE,FALSE,TRUE,TRUE
www.union.ai/_r_/flyte/en/latest/user_guide/flyte_fundamentals/tasks_workflows_and_launch_plans,https://www.union.ai/docs/flyte/user-guide/core-concepts/workflows,302,TRUE,FALSE,TRUE,TRUE
www.union.ai/_r_/flyte/en/latest/user_guide/flyte_fundamentals/visualizing_task_input_and_output,https://www.union.ai/docs/flyte/user-guide/development-cycle/decks,302,TRUE,FALSE,TRUE,TRUE
www.union.ai/_r_/flyte/en/latest/user_guide/getting_started_with_workflow_development,https://www.union.ai/docs/flyte/user-guide/getting-started,302,TRUE,FALSE,TRUE,TRUE
www.union.ai/_r_/flyte/en/latest/user_guide/getting_started_with_workflow_development/creating_a_flyte_project,https://www.union.ai/docs/flyte/user-guide/getting-started/first-project,302,TRUE,FALSE,TRUE,TRUE
www.union.ai/_r_/flyte/en/latest/user_guide/getting_started_with_workflow_development/flyte_project_components,https://www.union.ai/docs/flyte/user-guide/getting-started/understanding-the-code,302,TRUE,FALSE,TRUE,TRUE
www.union.ai/_r_/flyte/en/latest/user_guide/getting_started_with_workflow_development/installing_development_tools,https://www.union.ai/docs/flyte/user-guide/getting-started/local-setup,302,TRUE,FALSE,TRUE,TRUE
www.union.ai/_r_/flyte/en/latest/user_guide/getting_started_with_workflow_development/running_a_workflow_locally,https://www.union.ai/docs/flyte/user-guide/getting-started/running-your-workflow,302,TRUE,FALSE,TRUE,TRUE
www.union.ai/_r_/flyte/en/latest/user_guide/introduction,https://www.union.ai/docs/flyte/user-guide/about-union,302,TRUE,FALSE,TRUE,TRUE
www.union.ai/_r_/flyte/en/latest/user_guide/productionizing,https://www.union.ai/docs/flyte/core-concepts,302,TRUE,FALSE,TRUE,TRUE
www.union.ai/_r_/flyte/en/latest/user_guide/productionizing/configuring_access_to_gpus,https://www.union.ai/docs/flyte/deployment/configuring-access-to-gpus,302,TRUE,FALSE,TRUE,TRUE
www.union.ai/_r_/flyte/en/latest/user_guide/productionizing/configuring_logging_links_in_the_ui,https://www.union.ai/docs/flyte/deployment/configuring-logging-links-in-the-ui,302,TRUE,FALSE,TRUE,TRUE
www.union.ai/_r_/flyte/en/latest/user_guide/productionizing/customizing_task_resources,https://www.union.ai/docs/flyte/user-guide/core-concepts/tasks/task-hardware-environment/customizing-task-resources,302,TRUE,FALSE,TRUE,TRUE
www.union.ai/_r_/flyte/en/latest/user_guide/productionizing/notifications,https://www.union.ai/docs/flyte/user-guide/core-concepts/launch-plans/notifications,302,TRUE,FALSE,TRUE,TRUE
www.union.ai/_r_/flyte/en/latest/user_guide/productionizing/reference_launch_plans,https://www.union.ai/docs/flyte/user-guide/core-concepts/launch-plans/reference-launch-plans,302,TRUE,FALSE,TRUE,TRUE
www.union.ai/_r_/flyte/en/latest/user_guide/productionizing/reference_tasks,https://www.union.ai/docs/flyte/user-guide/core-concepts/tasks/reference-tasks,302,TRUE,FALSE,TRUE,TRUE
www.union.ai/_r_/flyte/en/latest/user_guide/productionizing/schedules,https://www.union.ai/docs/flyte/user-guide/core-concepts/launch-plans/schedules,302,TRUE,FALSE,TRUE,TRUE
www.union.ai/_r_/flyte/en/latest/user_guide/productionizing/secrets,https://www.union.ai/docs/flyte/user-guide/development-cycle/managing-secrets,302,TRUE,FALSE,TRUE,TRUE
www.union.ai/_r_/flyte/en/latest/user_guide/productionizing/spot_instances,https://www.union.ai/docs/flyte/user-guide/core-concepts/tasks/task-hardware-environment/interruptible-instances,302,TRUE,FALSE,TRUE,TRUE
www.union.ai/_r_/flyte/en/latest/user_guide/productionizing/workflow_labels_and_annotations,https://www.union.ai/docs/flyte/user-guide/core-concepts/launch-plans/defining-launch-plans,302,TRUE,FALSE,TRUE,TRUE
www.union.ai/_r_/flyte/en/latest/user_guide/quickstart_guide,https://www.union.ai/docs/flyte/user-guide/getting-started,302,TRUE,FALSE,TRUE,TRUE
www.union.ai/_r_/flyte/en/latest/user_guide/testing,https://www.union.ai/docs/flyte/user-guide/development-cycle/testing,302,TRUE,FALSE,TRUE,TRUE
www.union.ai/_r_/flyte/en/latest/user_guide/testing/mocking_tasks,https://www.union.ai/docs/flyte/user-guide/development-cycle/testing/mocking-tasks,302,TRUE,FALSE,TRUE,TRUE
www.union.ai/_r_/flyte/projects/flytekit/en/latest/generated/flytekit.dynamic,https://www.union.ai/docs/flyte/api-reference/flytekit-sdk/packages/flytekit.core.dynamic_workflow_task,302,TRUE,FALSE,TRUE,TRUE
www.union.ai/_r_/flyte/en/latest/deployment/,https://www.union.ai/docs/flyte/deployment,302,TRUE,FALSE,TRUE,TRUE
www.union.ai/_r_/flyte/en/latest/flytesnacks/integrations/index.html,https://www.union.ai/docs/flyte/integrations,302,TRUE,FALSE,TRUE,TRUE
www.union.ai/_r_/flyte/en/latest/flytesnacks/examples/k8s_spark_plugin/index.html,https://www.union.ai/docs/flyte/integrations/native-backend-plugins/k8s_spark_plugin,302,TRUE,FALSE,TRUE,TRUE
www.union.ai/_r_/flyte/en/latest/flytesnacks/examples/k8s_spark_plugin/dataframe_passing.html,https://www.union.ai/docs/flyte/integrations/native-backend-plugins/k8s_spark_plugin/dataframe_passing,302,TRUE,FALSE,TRUE,TRUE
www.union.ai/_r_/flyte/en/latest/flytesnacks/examples/k8s_spark_plugin/pyspark_pi.html,https://www.union.ai/docs/flyte/integrations/native-backend-plugins/k8s_spark_plugin/pyspark_pi,302,TRUE,FALSE,TRUE,TRUE
www.union.ai/_r_/flyte/en/latest/flytesnacks/examples/k8s_dask_plugin/index.html,https://www.union.ai/docs/flyte/integrations/native-backend-plugins/k8s_dask_plugin,302,TRUE,FALSE,TRUE,TRUE
www.union.ai/_r_/flyte/en/latest/flytesnacks/examples/k8s_dask_plugin/dask_example.html,https://www.union.ai/docs/flyte/integrations/native-backend-plugins/k8s_dask_plugin/dask_example,302,TRUE,FALSE,TRUE,TRUE
www.union.ai/_r_/flyte/en/latest/flytesnacks/examples/ray_plugin/index.html,https://www.union.ai/docs/flyte/integrations/native-backend-plugins/ray_plugin,302,TRUE,FALSE,TRUE,TRUE
www.union.ai/_r_/flyte/en/latest/flytesnacks/examples/ray_plugin/ray_example.html,https://www.union.ai/docs/flyte/integrations/native-backend-plugins/ray_plugin/ray_example,302,TRUE,FALSE,TRUE,TRUE
www.union.ai/_r_/flyte/en/latest/flytesnacks/examples/kfmpi_plugin/index.html,https://www.union.ai/docs/flyte/integrations/native-backend-plugins/kfmpi_plugin,302,TRUE,FALSE,TRUE,TRUE
www.union.ai/_r_/flyte/en/latest/flytesnacks/examples/kfmpi_plugin/mpi_mnist.html,https://www.union.ai/docs/flyte/integrations/native-backend-plugins/kfmpi_plugin/mpi_mnist,302,TRUE,FALSE,TRUE,TRUE
www.union.ai/_r_/flyte/en/latest/flytesnacks/examples/kfpytorch_plugin/index.html,https://www.union.ai/docs/flyte/integrations/native-backend-plugins/kfpytorch_plugin,302,TRUE,FALSE,TRUE,TRUE
www.union.ai/_r_/flyte/en/latest/flytesnacks/examples/kfpytorch_plugin/pytorch_mnist.html,https://www.union.ai/docs/flyte/integrations/native-backend-plugins/kfpytorch_plugin/pytorch_mnist,302,TRUE,FALSE,TRUE,TRUE
www.union.ai/_r_/flyte/en/latest/flytesnacks/examples/kfpytorch_plugin/pytorch_lightning_mnist_autoencoder.html,https://www.union.ai/docs/flyte/integrations/native-backend-plugins/kfpytorch_plugin/pytorch_lightning_mnist_autoencoder,302,TRUE,FALSE,TRUE,TRUE
www.union.ai/_r_/flyte/en/latest/flytesnacks/examples/kftensorflow_plugin/index.html,https://www.union.ai/docs/flyte/integrations/native-backend-plugins/kftensorflow_plugin,302,TRUE,FALSE,TRUE,TRUE
www.union.ai/_r_/flyte/en/latest/flytesnacks/examples/kftensorflow_plugin/tf_mnist.html,https://www.union.ai/docs/flyte/integrations/native-backend-plugins/kftensorflow_plugin/tf_mnist,302,TRUE,FALSE,TRUE,TRUE
www.union.ai/_r_/flyte/en/latest/flytesnacks/examples/k8s_pod_plugin/index.html,https://www.union.ai/docs/flyte/integrations/deprecated-integrations/k8s_pod_plugin,302,TRUE,FALSE,TRUE,TRUE
www.union.ai/_r_/flyte/en/latest/flytesnacks/examples/k8s_pod_plugin/pod.html,https://www.union.ai/docs/flyte/integrations/deprecated-integrations/k8s_pod_plugin/pod,302,TRUE,FALSE,TRUE,TRUE
www.union.ai/_r_/flyte/en/latest/flytesnacks/examples/bigquery_plugin/index.html,https://www.union.ai/docs/flyte/integrations/deprecated-integrations/bigquery_plugin,302,TRUE,FALSE,TRUE,TRUE
www.union.ai/_r_/flyte/en/latest/flytesnacks/examples/bigquery_plugin/bigquery_plugin_example.html,https://www.union.ai/docs/flyte/integrations/deprecated-integrations/bigquery_plugin/bigquery_plugin_example,302,TRUE,FALSE,TRUE,TRUE
www.union.ai/_r_/flyte/en/latest/flytesnacks/examples/snowflake_plugin/index.html,https://www.union.ai/docs/flyte/integrations/deprecated-integrations/snowflake_plugin,302,TRUE,FALSE,TRUE,TRUE
www.union.ai/_r_/flyte/en/latest/flytesnacks/examples/snowflake_plugin/snowflake_plugin_example.html#,https://www.union.ai/docs/flyte/integrations/deprecated-integrations/snowflake_plugin/snowflake_plugin_example,302,TRUE,FALSE,TRUE,TRUE
www.union.ai/_r_/flyte/en/latest/flytesnacks/examples/databricks_plugin/index.html,https://www.union.ai/docs/flyte/integrations/deprecated-integrations/databricks_plugin,302,TRUE,FALSE,TRUE,TRUE
www.union.ai/_r_/flyte/en/latest/flytesnacks/examples/databricks_plugin/databricks_plugin_example.html,https://www.union.ai/docs/flyte/integrations/deprecated-integrations/databricks_plugin/databricks_plugin_example,302,TRUE,FALSE,TRUE,TRUE
www.union.ai/_r_/flyte/en/latest/flytesnacks/examples/airflow_plugin/index.html,https://www.union.ai/docs/flyte/integrations/flyte-operators/airflow_plugin,302,TRUE,FALSE,TRUE,TRUE
www.union.ai/_r_/flyte/en/latest/flytesnacks/examples/airflow_plugin/airflow.html,https://www.union.ai/docs/flyte/integrations/flyte-operators/airflow_plugin/airflow,302,TRUE,FALSE,TRUE,TRUE
www.union.ai/_r_/flyte/en/latest/flytesnacks/examples/chatgpt_agent/index.html,https://www.union.ai/docs/flyte/integrations/flyte-agents/chatgpt_agent,302,TRUE,FALSE,TRUE,TRUE
www.union.ai/_r_/flyte/en/latest/flytesnacks/examples/chatgpt_agent/chatgpt_agent_example_usage.html,https://www.union.ai/docs/flyte/integrations/flyte-agents/chatgpt_agent/chatgpt_agent_example_usage,302,TRUE,FALSE,TRUE,TRUE
www.union.ai/_r_/flyte/en/latest/flytesnacks/examples/bigquery_agent/index.html,https://www.union.ai/docs/flyte/integrations/flyte-agents/bigquery_agent,302,TRUE,FALSE,TRUE,TRUE
www.union.ai/_r_/flyte/en/latest/flytesnacks/examples/bigquery_agent/bigquery_agent_example_usage.html,https://www.union.ai/docs/flyte/integrations/flyte-agents/bigquery_agent/bigquery_agent_example_usage,302,TRUE,FALSE,TRUE,TRUE
www.union.ai/_r_/flyte/en/latest/flytesnacks/examples/openai_batch_agent/index.html,https://www.union.ai/docs/flyte/integrations/flyte-agents/openai_batch_agent,302,TRUE,FALSE,TRUE,TRUE
www.union.ai/_r_/flyte/en/latest/flytesnacks/examples/openai_batch_agent/openai_batch_agent_example_usage.html,https://www.union.ai/docs/flyte/integrations/flyte-agents/openai_batch_agent/openai_batch_agent_example_usage,302,TRUE,FALSE,TRUE,TRUE
www.union.ai/_r_/flyte/en/latest/flytesnacks/examples/snowflake_agent/index.html,https://www.union.ai/docs/flyte/integrations/flyte-agents/snowflake_agent,302,TRUE,FALSE,TRUE,TRUE
www.union.ai/_r_/flyte/en/latest/flytesnacks/examples/snowflake_agent/snowflake_agent_example_usage.html,https://www.union.ai/docs/flyte/integrations/flyte-agents/snowflake_agent/snowflake_agent_example_usage,302,TRUE,FALSE,TRUE,TRUE
www.union.ai/_r_/flyte/en/latest/flytesnacks/examples/mmcloud_agent/index.html,https://www.union.ai/docs/flyte/integrations/flyte-agents/mmcloud_agent,302,TRUE,FALSE,TRUE,TRUE
www.union.ai/_r_/flyte/en/latest/flytesnacks/examples/mmcloud_agent/mmcloud_agent_example_usage.html,https://www.union.ai/docs/flyte/integrations/flyte-agents/mmcloud_agent/mmcloud_agent_example_usage,302,TRUE,FALSE,TRUE,TRUE
www.union.ai/_r_/flyte/en/latest/flytesnacks/examples/sagemaker_inference_agent/index.html,https://www.union.ai/docs/flyte/integrations/flyte-agents/sagemaker_inference_agent,302,TRUE,FALSE,TRUE,TRUE
www.union.ai/_r_/flyte/en/latest/flytesnacks/examples/sagemaker_inference_agent/sagemaker_inference_agent_example_usage.html,https://www.union.ai/docs/flyte/integrations/flyte-agents/sagemaker_inference_agent/sagemaker_inference_agent_example_usage,302,TRUE,FALSE,TRUE,TRUE
www.union.ai/_r_/flyte/en/latest/flytesnacks/examples/sensor/index.html,https://www.union.ai/docs/flyte/integrations/flyte-agents/sensor,302,TRUE,FALSE,TRUE,TRUE
www.union.ai/_r_/flyte/en/latest/flytesnacks/examples/sensor/file_sensor_example.html,https://www.union.ai/docs/flyte/integrations/flyte-agents/sensor/file_sensor_example,302,TRUE,FALSE,TRUE,TRUE
www.union.ai/_r_/flyte/en/latest/flytesnacks/examples/perian_agent/index.html,https://www.union.ai/docs/flyte/integrations/flyte-agents/perian_agent,302,TRUE,FALSE,TRUE,TRUE
www.union.ai/_r_/flyte/en/latest/flytesnacks/examples/perian_agent/example.html,https://www.union.ai/docs/flyte/integrations/flyte-agents/perian_agent/example,302,TRUE,FALSE,TRUE,TRUE
www.union.ai/_r_/flyte/en/latest/flytesnacks/examples/slurm_agent/index.html,https://www.union.ai/docs/flyte/integrations/flyte-agents/slurm_agent,302,TRUE,FALSE,TRUE,TRUE
www.union.ai/_r_/flyte/en/latest/flytesnacks/examples/slurm_agent/slurm_agent_example_usage.html,https://www.union.ai/docs/flyte/integrations/flyte-agents/slurm_agent/slurm_agent_example_usage,302,TRUE,FALSE,TRUE,TRUE
www.union.ai/_r_/flyte/en/latest/flytesnacks/examples/databricks_agent/index.html,https://www.union.ai/docs/flyte/integrations/flyte-agents/databricks_agent,302,TRUE,FALSE,TRUE,TRUE
www.union.ai/_r_/flyte/en/latest/flytesnacks/examples/databricks_agent/databricks_agent_example_usage.html,https://www.union.ai/docs/flyte/integrations/flyte-agents/databricks_agent/databricks_agent_example_usage,302,TRUE,FALSE,TRUE,TRUE
www.union.ai/_r_/flyte/en/latest/flytesnacks/examples/airflow_agent/index.html,https://www.union.ai/docs/flyte/integrations/flyte-agents/airflow_agent,302,TRUE,FALSE,TRUE,TRUE
www.union.ai/_r_/flyte/en/latest/flytesnacks/examples/airflow_agent/airflow_agent_example_usage.html,https://www.union.ai/docs/flyte/integrations/flyte-agents/airflow_agent/airflow_agent_example_usage,302,TRUE,FALSE,TRUE,TRUE
www.union.ai/_r_/flyte/en/latest/flytesnacks/examples/aws_batch_plugin/index.html,https://www.union.ai/docs/flyte/integrations/external-service-backend-plugins/aws_batch_plugin,302,TRUE,FALSE,TRUE,TRUE
www.union.ai/_r_/flyte/en/latest/flytesnacks/examples/aws_batch_plugin/batch.html,https://www.union.ai/docs/flyte/integrations/external-service-backend-plugins/aws_batch_plugin/batch,302,TRUE,FALSE,TRUE,TRUE
www.union.ai/_r_/flyte/en/latest/flytesnacks/examples/flyteinteractive_plugin/index.html,https://www.union.ai/docs/flyte/integrations/external-service-backend-plugins/flyteinteractive_plugin,302,TRUE,FALSE,TRUE,TRUE
www.union.ai/_r_/flyte/en/latest/flytesnacks/examples/flyteinteractive_plugin/jupyter.html,https://www.union.ai/docs/flyte/integrations/external-service-backend-plugins/flyteinteractive_plugin/jupyter,302,TRUE,FALSE,TRUE,TRUE
www.union.ai/_r_/flyte/en/latest/flytesnacks/examples/flyteinteractive_plugin/vscode.html,https://www.union.ai/docs/flyte/integrations/external-service-backend-plugins/flyteinteractive_plugin/vscode,302,TRUE,FALSE,TRUE,TRUE
www.union.ai/_r_/flyte/en/latest/flytesnacks/examples/hive_plugin/index.html,https://www.union.ai/docs/flyte/integrations/external-service-backend-plugins/hive_plugin,302,TRUE,FALSE,TRUE,TRUE
www.union.ai/_r_/flyte/en/latest/flytesnacks/examples/hive_plugin/hive.html,https://www.union.ai/docs/flyte/integrations/external-service-backend-plugins/hive_plugin/hive,302,TRUE,FALSE,TRUE,TRUE
www.union.ai/_r_/flyte/en/latest/flytesnacks/examples/athena_plugin/index.html,https://www.union.ai/docs/flyte/integrations/external-service-backend-plugins/athena_plugin,302,TRUE,FALSE,TRUE,TRUE
www.union.ai/_r_/flyte/en/latest/flytesnacks/examples/athena_plugin/athena.html,https://www.union.ai/docs/flyte/integrations/external-service-backend-plugins/athena_plugin/athena,302,TRUE,FALSE,TRUE,TRUE
www.union.ai/_r_/flyte/en/latest/flytesnacks/examples/papermill_plugin/index.html,https://www.union.ai/docs/flyte/integrations/flytekit-plugins/papermill_plugin,302,TRUE,FALSE,TRUE,TRUE
www.union.ai/_r_/flyte/en/latest/flytesnacks/examples/papermill_plugin/simple.html,https://www.union.ai/docs/flyte/integrations/flytekit-plugins/papermill_plugin/simple,302,TRUE,FALSE,TRUE,TRUE
www.union.ai/_r_/flyte/en/latest/flytesnacks/examples/papermill_plugin/nb_simple.html,https://www.union.ai/docs/flyte/integrations/flytekit-plugins/papermill_plugin/nb_simple,302,TRUE,FALSE,TRUE,TRUE
www.union.ai/_r_/flyte/en/latest/flytesnacks/examples/wandb_plugin/index.html,https://www.union.ai/docs/flyte/integrations/flytekit-plugins/wandb_plugin,302,TRUE,FALSE,TRUE,TRUE
www.union.ai/_r_/flyte/en/latest/flytesnacks/examples/wandb_plugin/wandb_example.html,https://www.union.ai/docs/flyte/integrations/flytekit-plugins/wandb_plugin/wandb_example,302,TRUE,FALSE,TRUE,TRUE
www.union.ai/_r_/flyte/en/latest/flytesnacks/examples/sql_plugin/index.html,https://www.union.ai/docs/flyte/integrations/flytekit-plugins/sql_plugin,302,TRUE,FALSE,TRUE,TRUE
www.union.ai/_r_/flyte/en/latest/flytesnacks/examples/sql_plugin/sql_alchemy.html,https://www.union.ai/docs/flyte/integrations/flytekit-plugins/sql_plugin/sql_alchemy,302,TRUE,FALSE,TRUE,TRUE
www.union.ai/_r_/flyte/en/latest/flytesnacks/examples/sql_plugin/sqlite3_integration.html,https://www.union.ai/docs/flyte/integrations/flytekit-plugins/sql_plugin/sqlite3_integration,302,TRUE,FALSE,TRUE,TRUE
www.union.ai/_r_/flyte/en/latest/flytesnacks/examples/dbt_plugin/index.html,https://www.union.ai/docs/flyte/integrations/flytekit-plugins/dbt_plugin,302,TRUE,FALSE,TRUE,TRUE
www.union.ai/_r_/flyte/en/latest/flytesnacks/examples/dbt_plugin/dbt_example.html,https://www.union.ai/docs/flyte/integrations/flytekit-plugins/dbt_plugin/dbt_example,302,TRUE,FALSE,TRUE,TRUE
www.union.ai/_r_/flyte/en/latest/flytesnacks/examples/memray_plugin/index.html,https://www.union.ai/docs/flyte/integrations/flytekit-plugins/memray_plugin,302,TRUE,FALSE,TRUE,TRUE
www.union.ai/_r_/flyte/en/latest/flytesnacks/examples/memray_plugin/memray_example.html,https://www.union.ai/docs/flyte/integrations/flytekit-plugins/memray_plugin/memray_example,302,TRUE,FALSE,TRUE,TRUE
www.union.ai/_r_/flyte/en/latest/flytesnacks/examples/whylogs_plugin/index.html,https://www.union.ai/docs/flyte/integrations/flytekit-plugins/whylogs_plugin,302,TRUE,FALSE,TRUE,TRUE
www.union.ai/_r_/flyte/en/latest/flytesnacks/examples/whylogs_plugin/whylogs_example.html,https://www.union.ai/docs/flyte/integrations/flytekit-plugins/whylogs_plugin/whylogs_example,302,TRUE,FALSE,TRUE,TRUE
www.union.ai/_r_/flyte/en/latest/flytesnacks/examples/pandera_plugin/index.html,https://www.union.ai/docs/flyte/integrations/flytekit-plugins/pandera_plugin,302,TRUE,FALSE,TRUE,TRUE
www.union.ai/_r_/flyte/en/latest/flytesnacks/examples/pandera_plugin/basic_schema_example.html,https://www.union.ai/docs/flyte/integrations/flytekit-plugins/pandera_plugin/basic_schema_example,302,TRUE,FALSE,TRUE,TRUE
www.union.ai/_r_/flyte/en/latest/flytesnacks/examples/pandera_plugin/validating_and_testing_ml_pipelines.html,https://www.union.ai/docs/flyte/integrations/flytekit-plugins/pandera_plugin/validating_and_testing_ml_pipelines,302,TRUE,FALSE,TRUE,TRUE
www.union.ai/_r_/flyte/en/latest/flytesnacks/examples/mlflow_plugin/index.html,https://www.union.ai/docs/flyte/integrations/flytekit-plugins/mlflow_plugin,302,TRUE,FALSE,TRUE,TRUE
www.union.ai/_r_/flyte/en/latest/flytesnacks/examples/mlflow_plugin/mlflow_example.html,https://www.union.ai/docs/flyte/integrations/flytekit-plugins/mlflow_plugin/mlflow_example,302,TRUE,FALSE,TRUE,TRUE
www.union.ai/_r_/flyte/en/latest/flytesnacks/examples/duckdb_plugin/index.html,https://www.union.ai/docs/flyte/integrations/flytekit-plugins/duckdb_plugin,302,TRUE,FALSE,TRUE,TRUE
www.union.ai/_r_/flyte/en/latest/flytesnacks/examples/duckdb_plugin/duckdb_example.html,https://www.union.ai/docs/flyte/integrations/flytekit-plugins/duckdb_plugin/duckdb_example,302,TRUE,FALSE,TRUE,TRUE
www.union.ai/_r_/flyte/en/latest/flytesnacks/examples/modin_plugin/index.html,https://www.union.ai/docs/flyte/integrations/flytekit-plugins/modin_plugin,302,TRUE,FALSE,TRUE,TRUE
www.union.ai/_r_/flyte/en/latest/flytesnacks/examples/modin_plugin/knn_classifier.html,https://www.union.ai/docs/flyte/integrations/flytekit-plugins/modin_plugin/knn_classifier,302,TRUE,FALSE,TRUE,TRUE
www.union.ai/_r_/flyte/en/latest/flytesnacks/examples/dolt_plugin/index.html,https://www.union.ai/docs/flyte/integrations/flytekit-plugins/dolt_plugin,302,TRUE,FALSE,TRUE,TRUE
www.union.ai/_r_/flyte/en/latest/flytesnacks/examples/dolt_plugin/dolt_quickstart_example.html,https://www.union.ai/docs/flyte/integrations/flytekit-plugins/dolt_plugin/dolt_quickstart_example,302,TRUE,FALSE,TRUE,TRUE
www.union.ai/_r_/flyte/en/latest/flytesnacks/examples/dolt_plugin/dolt_branch_example.html,https://www.union.ai/docs/flyte/integrations/flytekit-plugins/dolt_plugin/dolt_branch_example,302,TRUE,FALSE,TRUE,TRUE
www.union.ai/_r_/flyte/en/latest/flytesnacks/examples/neptune_plugin/index.html,https://www.union.ai/docs/flyte/integrations/flytekit-plugins/neptune_plugin,302,TRUE,FALSE,TRUE,TRUE
www.union.ai/_r_/flyte/en/latest/flytesnacks/examples/neptune_plugin/neptune_example.html,https://www.union.ai/docs/flyte/integrations/flytekit-plugins/neptune_plugin/neptune_example,302,TRUE,FALSE,TRUE,TRUE
www.union.ai/_r_/flyte/en/latest/flytesnacks/examples/comet_ml_plugin/index.html,https://www.union.ai/docs/flyte/integrations/flytekit-plugins/comet_ml_plugin,302,TRUE,FALSE,TRUE,TRUE
www.union.ai/_r_/flyte/en/latest/flytesnacks/examples/comet_ml_plugin/comet_ml_example.html,https://www.union.ai/docs/flyte/integrations/flytekit-plugins/comet_ml_plugin/comet_ml_example,302,TRUE,FALSE,TRUE,TRUE
www.union.ai/_r_/flyte/en/latest/flytesnacks/examples/nim_plugin/index.html,https://www.union.ai/docs/flyte/integrations/flytekit-plugins/nim_plugin,302,TRUE,FALSE,TRUE,TRUE
www.union.ai/_r_/flyte/en/latest/flytesnacks/examples/nim_plugin/serve_nim_container.html,https://www.union.ai/docs/flyte/integrations/flytekit-plugins/nim_plugin/serve_nim_container,302,TRUE,FALSE,TRUE,TRUE
www.union.ai/_r_/flyte/en/latest/flytesnacks/examples/ollama_plugin/index.html,https://www.union.ai/docs/flyte/integrations/flytekit-plugins/ollama_plugin,302,TRUE,FALSE,TRUE,TRUE
www.union.ai/_r_/flyte/en/latest/flytesnacks/examples/ollama_plugin/serve_llm.html,https://www.union.ai/docs/flyte/integrations/flytekit-plugins/ollama_plugin/serve_llm,302,TRUE,FALSE,TRUE,TRUE
www.union.ai/_r_/flyte/en/latest/flytesnacks/examples/greatexpectations_plugin/index.html,https://www.union.ai/docs/flyte/integrations/flytekit-plugins/greatexpectations_plugin,302,TRUE,FALSE,TRUE,TRUE
www.union.ai/_r_/flyte/en/latest/flytesnacks/examples/greatexpectations_plugin/task_example.html,https://www.union.ai/docs/flyte/integrations/flytekit-plugins/greatexpectations_plugin/task_example,302,TRUE,FALSE,TRUE,TRUE
www.union.ai/_r_/flyte/en/latest/flytesnacks/examples/greatexpectations_plugin/type_example.html,https://www.union.ai/docs/flyte/integrations/flytekit-plugins/greatexpectations_plugin/type_example,302,TRUE,FALSE,TRUE,TRUE
www.union.ai/_r_/flyte/en/latest/flytesnacks/examples/onnx_plugin/index.html,https://www.union.ai/docs/flyte/integrations/flytekit-plugins/onnx_plugin,302,TRUE,FALSE,TRUE,TRUE
www.union.ai/_r_/flyte/en/latest/flytesnacks/examples/onnx_plugin/scikitlearn_onnx.html,https://www.union.ai/docs/flyte/integrations/flytekit-plugins/onnx_plugin/scikitlearn_onnx,302,TRUE,FALSE,TRUE,TRUE
www.union.ai/_r_/flyte/en/latest/flytesnacks/examples/onnx_plugin/pytorch_onnx.html,https://www.union.ai/docs/flyte/integrations/flytekit-plugins/onnx_plugin/pytorch_onnx,302,TRUE,FALSE,TRUE,TRUE
www.union.ai/_r_/flyte/en/latest/flytesnacks/examples/onnx_plugin/tensorflow_onnx.html,https://www.union.ai/docs/flyte/integrations/flytekit-plugins/onnx_plugin/tensorflow_onnx,302,TRUE,FALSE,TRUE,TRUE
www.union.ai/_r_/flyte/en/latest/flytesnacks/tutorials,https://www.union.ai/docs/flyte/tutorials,302,TRUE,FALSE,TRUE,TRUE
www.union.ai/_r_/flyte/en/latest/flytesnacks/tutorials/flytelab,https://www.union.ai/docs/flyte/tutorials/flytelab,302,TRUE,FALSE,TRUE,TRUE
www.union.ai/_r_/flyte/en/latest/flytesnacks/tutorials/flytelab/weather_forecasting,https://www.union.ai/docs/flyte/tutorials/flytelab/weather-forecasting,302,TRUE,FALSE,TRUE,TRUE
www.union.ai/_r_/flyte/en/latest/flytesnacks/tutorials/model_training,https://www.union.ai/docs/flyte/tutorials/model-training,302,TRUE,FALSE,TRUE,TRUE
www.union.ai/_r_/flyte/en/latest/flytesnacks/examples/forecasting_sales,https://www.union.ai/docs/flyte/tutorials/model-training/forecasting-sales,302,TRUE,FALSE,TRUE,TRUE
www.union.ai/_r_/flyte/en/latest/flytesnacks/examples/forecasting_sales/keras_spark_rossmann_estimator,https://www.union.ai/docs/flyte/tutorials/model-training/forecasting-sales/keras-spark-rossmann-estimator,302,TRUE,FALSE,TRUE,TRUE
www.union.ai/_r_/flyte/en/latest/flytesnacks/examples/house_price_prediction,https://www.union.ai/docs/flyte/tutorials/model-training/house-price-prediction,302,TRUE,FALSE,TRUE,TRUE
www.union.ai/_r_/flyte/en/latest/flytesnacks/examples/house_price_prediction/multiregion_house_price_predictor,https://www.union.ai/docs/flyte/tutorials/model-training/house-price-prediction/multiregion-house-price-predictor,302,TRUE,FALSE,TRUE,TRUE
www.union.ai/_r_/flyte/en/latest/flytesnacks/examples/house_price_prediction/house_price_predictor,https://www.union.ai/docs/flyte/tutorials/model-training/house-price-prediction/house-price-predictor,302,TRUE,FALSE,TRUE,TRUE
www.union.ai/_r_/flyte/en/latest/flytesnacks/examples/mnist_classifier,https://www.union.ai/docs/flyte/tutorials/model-training/mnist-classifier,302,TRUE,FALSE,TRUE,TRUE
www.union.ai/_r_/flyte/en/latest/flytesnacks/examples/mnist_classifier/pytorch_single_node_multi_gpu,https://www.union.ai/docs/flyte/tutorials/model-training/mnist-classifier/pytorch-single-node-multi-gpu,302,TRUE,FALSE,TRUE,TRUE
www.union.ai/_r_/flyte/en/latest/flytesnacks/examples/mnist_classifier/pytorch_single_node_and_gpu,https://www.union.ai/docs/flyte/tutorials/model-training/mnist-classifier/pytorch-single-node-and-gpu,302,TRUE,FALSE,TRUE,TRUE
www.union.ai/_r_/flyte/en/latest/flytesnacks/examples/pima_diabetes,https://www.union.ai/docs/flyte/tutorials/model-training/pima-diabetes,302,TRUE,FALSE,TRUE,TRUE
www.union.ai/_r_/flyte/en/latest/flytesnacks/examples/pima_diabetes/diabetes,https://www.union.ai/docs/flyte/tutorials/model-training/pima-diabetes/diabetes,302,TRUE,FALSE,TRUE,TRUE
www.union.ai/_r_/flyte/en/latest/flytesnacks/examples/nlp_processing,https://www.union.ai/docs/flyte/tutorials/model-training/nlp-processing,302,TRUE,FALSE,TRUE,TRUE
www.union.ai/_r_/flyte/en/latest/flytesnacks/examples/nlp_processing/word2vec_and_lda,https://www.union.ai/docs/flyte/tutorials/model-training/nlp-processing/word2vec-and-lda,302,TRUE,FALSE,TRUE,TRUE
www.union.ai/_r_/flyte/en/latest/flytesnacks/tutorials/feature_engineering,https://www.union.ai/docs/flyte/tutorials/feature-engineering,302,TRUE,FALSE,TRUE,TRUE
www.union.ai/_r_/flyte/en/latest/flytesnacks/examples/exploratory_data_analysis,https://www.union.ai/docs/flyte/tutorials/feature-engineering/exploratory-data-analysis,302,TRUE,FALSE,TRUE,TRUE
www.union.ai/_r_/flyte/en/latest/flytesnacks/examples/exploratory_data_analysis/notebooks_as_tasks,https://www.union.ai/docs/flyte/tutorials/feature-engineering/exploratory-data-analysis/notebooks-as-tasks,302,TRUE,FALSE,TRUE,TRUE
www.union.ai/_r_/flyte/en/latest/flytesnacks/examples/exploratory_data_analysis/supermarket_regression_1,https://www.union.ai/docs/flyte/tutorials/feature-engineering/exploratory-data-analysis/supermarket_regression_1,302,TRUE,FALSE,TRUE,TRUE
www.union.ai/_r_/flyte/en/latest/flytesnacks/examples/exploratory_data_analysis/supermarket_regression,https://www.union.ai/docs/flyte/tutorials/feature-engineering/exploratory-data-analysis/supermarket_regression,302,TRUE,FALSE,TRUE,TRUE
www.union.ai/_r_/flyte/en/latest/flytesnacks/examples/exploratory_data_analysis/notebook,https://www.union.ai/docs/flyte/tutorials/feature-engineering/exploratory-data-analysis/notebook,302,TRUE,FALSE,TRUE,TRUE
www.union.ai/_r_/flyte/en/latest/flytesnacks/examples/exploratory_data_analysis/supermarket_regression_2,https://www.union.ai/docs/flyte/tutorials/feature-engineering/exploratory-data-analysis/supermarket_regression_2,302,TRUE,FALSE,TRUE,TRUE
www.union.ai/_r_/flyte/en/latest/flytesnacks/examples/exploratory_data_analysis/notebook_and_task,https://www.union.ai/docs/flyte/tutorials/feature-engineering/exploratory-data-analysis/notebook-and-task,302,TRUE,FALSE,TRUE,TRUE
www.union.ai/_r_/flyte/en/latest/flytesnacks/examples/feast_integration,https://www.union.ai/docs/flyte/tutorials/feature-engineering/feast-integration,302,TRUE,FALSE,TRUE,TRUE
www.union.ai/_r_/flyte/en/latest/flytesnacks/examples/feast_integration/feature_eng_tasks,https://www.union.ai/docs/flyte/tutorials/feature-engineering/feast-integration/feature_eng_tasks,302,TRUE,FALSE,TRUE,TRUE
www.union.ai/_r_/flyte/en/latest/flytesnacks/examples/feast_integration/feast_workflow,https://www.union.ai/docs/flyte/tutorials/feature-engineering/feast-integration/feast_workflow,302,TRUE,FALSE,TRUE,TRUE
www.union.ai/_r_/flyte/en/latest/flytesnacks/examples/feast_integration/feast_flyte_remote,https://www.union.ai/docs/flyte/tutorials/feature-engineering/feast-integration/feast_flyte_remote,302,TRUE,FALSE,TRUE,TRUE
www.union.ai/_r_/flyte/en/latest/flytesnacks/tutorials/bioinformatics,https://www.union.ai/docs/flyte/tutorials/bioinformatics,302,TRUE,FALSE,TRUE,TRUE
www.union.ai/_r_/flyte/en/latest/flytesnacks/examples/blast,https://www.union.ai/docs/flyte/tutorials/bioinformatics/blast,302,TRUE,FALSE,TRUE,TRUE
www.union.ai/_r_/flyte/en/latest/flytesnacks/examples/blast/blastx_example,https://www.union.ai/docs/flyte/tutorials/bioinformatics/blast/blastx-example,302,TRUE,FALSE,TRUE,TRUE
www.union.ai/_r_/flyte/en/latest/community,https://www.union.ai/docs/flyte/community,302,TRUE,FALSE,TRUE,TRUE
www.union.ai/_r_/flyte/en/latest/community/contribute,https://www.union.ai/docs/flyte/community/contribute,302,TRUE,FALSE,TRUE,TRUE
www.union.ai/_r_/flyte/en/latest/community/contribute/contribute_code,https://www.union.ai/docs/flyte/community/contribute/contribute_code,302,TRUE,FALSE,TRUE,TRUE
www.union.ai/_r_/flyte/en/latest/community/contribute/contribute_docs,https://www.union.ai/docs/flyte/community/contribute/contribute_docs,302,TRUE,FALSE,TRUE,TRUE
www.union.ai/_r_/flyte/en/latest/community/contribute/contribute_examples,https://www.union.ai/docs/flyte/community/contribute/contribute_examples,302,TRUE,FALSE,TRUE,TRUE
www.union.ai/_r_/flyte/en/latest/community/roadmap,https://www.union.ai/docs/flyte/community/roadmap,302,TRUE,FALSE,TRUE,TRUE
www.union.ai/_r_/flyte/en/latest/community/troubleshoot,https://www.union.ai/docs/flyte/community/troubleshoot,302,TRUE,FALSE,TRUE,TRUE